startDate,endDate,value,unit
2026-08-03 00:00:00 +0900,2026-08-03 00:10:00 +0900,8,count
2026-08-03 00:10:00 +0900,2026-08-03 00:20:00 +0900,1,count
2026-08-03 00:20:00 +0900,2026-08-03 00:30:00 +0900,16,count
2026-08-03 00:30:00 +0900,2026-08-03 00:40:00 +0900,19,count
2026-08-03 00:40:00 +0900,2026-08-03 00:50:00 +0900,23,count
2026-08-03 00:50:00 +0900,2026-08-03 01:00:00 +0900,11,count
2026-08-03 01:00:00 +0900,2026-08-03 01:10:00 +0900,7,count
2026-08-03 01:10:00 +0900,2026-08-03 01:20:00 +0900,23,count
2026-08-03 01:20:00 +0900,2026-08-03 01:30:00 +0900,13,count
2026-08-03 01:30:00 +0900,2026-08-03 01:40:00 +0900,25,count
2026-08-03 01:40:00 +0900,2026-08-03 01:50:00 +0900,20,count
2026-08-03 01:50:00 +0900,2026-08-03 02:00:00 +0900,2,count
2026-08-03 02:00:00 +0900,2026-08-03 02:10:00 +0900,24,count
2026-08-03 02:10:00 +0900,2026-08-03 02:20:00 +0900,9,count
2026-08-03 02:20:00 +0900,2026-08-03 02:30:00 +0900,4,count
2026-08-03 02:30:00 +0900,2026-08-03 02:40:00 +0900,17,count
2026-08-03 02:40:00 +0900,2026-08-03 02:50:00 +0900,5,count
2026-08-03 02:50:00 +0900,2026-08-03 03:00:00 +0900,25,count
2026-08-03 03:00:00 +0900,2026-08-03 03:10:00 +0900,0,count
2026-08-03 03:10:00 +0900,2026-08-03 03:20:00 +0900,15,count
2026-08-03 03:20:00 +0900,2026-08-03 03:30:00 +0900,7,count
2026-08-03 03:30:00 +0900,2026-08-03 03:40:00 +0900,14,count
2026-08-03 03:40:00 +0900,2026-08-03 03:50:00 +0900,19,count
2026-08-03 03:50:00 +0900,2026-08-03 04:00:00 +0900,20,count
2026-08-03 04:00:00 +0900,2026-08-03 04:10:00 +0900,0,count
2026-08-03 04:10:00 +0900,2026-08-03 04:20:00 +0900,24,count
2026-08-03 04:20:00 +0900,2026-08-03 04:30:00 +0900,2,count
2026-08-03 04:30:00 +0900,2026-08-03 04:40:00 +0900,21,count
2026-08-03 04:40:00 +0900,2026-08-03 04:50:00 +0900,21,count
2026-08-03 04:50:00 +0900,2026-08-03 05:00:00 +0900,12,count
2026-08-03 05:00:00 +0900,2026-08-03 05:10:00 +0900,8,count
2026-08-03 05:10:00 +0900,2026-08-03 05:20:00 +0900,0,count
2026-08-03 05:20:00 +0900,2026-08-03 05:30:00 +0900,1,count
2026-08-03 05:30:00 +0900,2026-08-03 05:40:00 +0900,9,count
2026-08-03 05:40:00 +0900,2026-08-03 05:50:00 +0900,18,count
2026-08-03 05:50:00 +0900,2026-08-03 06:00:00 +0900,12,count
2026-08-03 06:00:00 +0900,2026-08-03 06:10:00 +0900,6,count
2026-08-03 06:10:00 +0900,2026-08-03 06:20:00 +0900,15,count
2026-08-03 06:20:00 +0900,2026-08-03 06:30:00 +0900,22,count
2026-08-03 06:30:00 +0900,2026-08-03 06:40:00 +0900,19,count
2026-08-03 06:40:00 +0900,2026-08-03 06:50:00 +0900,22,count
2026-08-03 06:50:00 +0900,2026-08-03 07:00:00 +0900,13,count
2026-08-03 07:00:00 +0900,2026-08-03 07:10:00 +0900,174,count
2026-08-03 07:10:00 +0900,2026-08-03 07:20:00 +0900,70,count
2026-08-03 07:20:00 +0900,2026-08-03 07:30:00 +0900,56,count
2026-08-03 07:30:00 +0900,2026-08-03 07:40:00 +0900,178,count
2026-08-03 07:40:00 +0900,2026-08-03 07:50:00 +0900,140,count
2026-08-03 07:50:00 +0900,2026-08-03 08:00:00 +0900,65,count
2026-08-03 08:00:00 +0900,2026-08-03 08:10:00 +0900,539,count
2026-08-03 08:10:00 +0900,2026-08-03 08:20:00 +0900,598,count
2026-08-03 08:20:00 +0900,2026-08-03 08:30:00 +0900,658,count
2026-08-03 08:30:00 +0900,2026-08-03 08:40:00 +0900,814,count
2026-08-03 08:40:00 +0900,2026-08-03 08:50:00 +0900,614,count
2026-08-03 08:50:00 +0900,2026-08-03 09:00:00 +0900,802,count
2026-08-03 09:00:00 +0900,2026-08-03 09:10:00 +0900,70,count
2026-08-03 09:10:00 +0900,2026-08-03 09:20:00 +0900,105,count
2026-08-03 09:20:00 +0900,2026-08-03 09:30:00 +0900,85,count
2026-08-03 09:30:00 +0900,2026-08-03 09:40:00 +0900,141,count
2026-08-03 09:40:00 +0900,2026-08-03 09:50:00 +0900,167,count
2026-08-03 09:50:00 +0900,2026-08-03 10:00:00 +0900,62,count
2026-08-03 10:00:00 +0900,2026-08-03 10:10:00 +0900,57,count
2026-08-03 10:10:00 +0900,2026-08-03 10:20:00 +0900,70,count
2026-08-03 10:20:00 +0900,2026-08-03 10:30:00 +0900,114,count
2026-08-03 10:30:00 +0900,2026-08-03 10:40:00 +0900,86,count
2026-08-03 10:40:00 +0900,2026-08-03 10:50:00 +0900,121,count
2026-08-03 10:50:00 +0900,2026-08-03 11:00:00 +0900,59,count
2026-08-03 11:00:00 +0900,2026-08-03 11:10:00 +0900,129,count
2026-08-03 11:10:00 +0900,2026-08-03 11:20:00 +0900,106,count
2026-08-03 11:20:00 +0900,2026-08-03 11:30:00 +0900,25,count
2026-08-03 11:30:00 +0900,2026-08-03 11:40:00 +0900,73,count
2026-08-03 11:40:00 +0900,2026-08-03 11:50:00 +0900,39,count
2026-08-03 11:50:00 +0900,2026-08-03 12:00:00 +0900,107,count
2026-08-03 12:00:00 +0900,2026-08-03 12:10:00 +0900,447,count
2026-08-03 12:10:00 +0900,2026-08-03 12:20:00 +0900,485,count
2026-08-03 12:20:00 +0900,2026-08-03 12:30:00 +0900,419,count
2026-08-03 12:30:00 +0900,2026-08-03 12:40:00 +0900,448,count
2026-08-03 12:40:00 +0900,2026-08-03 12:50:00 +0900,265,count
2026-08-03 12:50:00 +0900,2026-08-03 13:00:00 +0900,251,count
2026-08-03 13:00:00 +0900,2026-08-03 13:10:00 +0900,155,count
2026-08-03 13:10:00 +0900,2026-08-03 13:20:00 +0900,46,count
2026-08-03 13:20:00 +0900,2026-08-03 13:30:00 +0900,149,count
2026-08-03 13:30:00 +0900,2026-08-03 13:40:00 +0900,34,count
2026-08-03 13:40:00 +0900,2026-08-03 13:50:00 +0900,146,count
2026-08-03 13:50:00 +0900,2026-08-03 14:00:00 +0900,151,count
2026-08-03 14:00:00 +0900,2026-08-03 14:10:00 +0900,168,count
2026-08-03 14:10:00 +0900,2026-08-03 14:20:00 +0900,58,count
2026-08-03 14:20:00 +0900,2026-08-03 14:30:00 +0900,111,count
2026-08-03 14:30:00 +0900,2026-08-03 14:40:00 +0900,108,count
2026-08-03 14:40:00 +0900,2026-08-03 14:50:00 +0900,136,count
2026-08-03 14:50:00 +0900,2026-08-03 15:00:00 +0900,29,count
2026-08-03 15:00:00 +0900,2026-08-03 15:10:00 +0900,130,count
2026-08-03 15:10:00 +0900,2026-08-03 15:20:00 +0900,38,count
2026-08-03 15:20:00 +0900,2026-08-03 15:30:00 +0900,144,count
2026-08-03 15:30:00 +0900,2026-08-03 15:40:00 +0900,21,count
2026-08-03 15:40:00 +0900,2026-08-03 15:50:00 +0900,87,count
2026-08-03 15:50:00 +0900,2026-08-03 16:00:00 +0900,130,count
2026-08-03 16:00:00 +0900,2026-08-03 16:10:00 +0900,65,count
2026-08-03 16:10:00 +0900,2026-08-03 16:20:00 +0900,135,count
2026-08-03 16:20:00 +0900,2026-08-03 16:30:00 +0900,39,count
2026-08-03 16:30:00 +0900,2026-08-03 16:40:00 +0900,103,count
2026-08-03 16:40:00 +0900,2026-08-03 16:50:00 +0900,99,count
2026-08-03 16:50:00 +0900,2026-08-03 17:00:00 +0900,99,count
2026-08-03 17:00:00 +0900,2026-08-03 17:10:00 +0900,59,count
2026-08-03 17:10:00 +0900,2026-08-03 17:20:00 +0900,80,count
2026-08-03 17:20:00 +0900,2026-08-03 17:30:00 +0900,112,count
2026-08-03 17:30:00 +0900,2026-08-03 17:40:00 +0900,81,count
2026-08-03 17:40:00 +0900,2026-08-03 17:50:00 +0900,61,count
2026-08-03 17:50:00 +0900,2026-08-03 18:00:00 +0900,77,count
2026-08-03 18:00:00 +0900,2026-08-03 18:10:00 +0900,142,count
2026-08-03 18:10:00 +0900,2026-08-03 18:20:00 +0900,115,count
2026-08-03 18:20:00 +0900,2026-08-03 18:30:00 +0900,137,count
2026-08-03 18:30:00 +0900,2026-08-03 18:40:00 +0900,499,count
2026-08-03 18:40:00 +0900,2026-08-03 18:50:00 +0900,786,count
2026-08-03 18:50:00 +0900,2026-08-03 19:00:00 +0900,795,count
2026-08-03 19:00:00 +0900,2026-08-03 19:10:00 +0900,520,count
2026-08-03 19:10:00 +0900,2026-08-03 19:20:00 +0900,709,count
2026-08-03 19:20:00 +0900,2026-08-03 19:30:00 +0900,449,count
2026-08-03 19:30:00 +0900,2026-08-03 19:40:00 +0900,58,count
2026-08-03 19:40:00 +0900,2026-08-03 19:50:00 +0900,107,count
2026-08-03 19:50:00 +0900,2026-08-03 20:00:00 +0900,99,count
2026-08-03 20:00:00 +0900,2026-08-03 20:10:00 +0900,166,count
2026-08-03 20:10:00 +0900,2026-08-03 20:20:00 +0900,158,count
2026-08-03 20:20:00 +0900,2026-08-03 20:30:00 +0900,114,count
2026-08-03 20:30:00 +0900,2026-08-03 20:40:00 +0900,51,count
2026-08-03 20:40:00 +0900,2026-08-03 20:50:00 +0900,28,count
2026-08-03 20:50:00 +0900,2026-08-03 21:00:00 +0900,115,count
2026-08-03 21:00:00 +0900,2026-08-03 21:10:00 +0900,53,count
2026-08-03 21:10:00 +0900,2026-08-03 21:20:00 +0900,81,count
2026-08-03 21:20:00 +0900,2026-08-03 21:30:00 +0900,175,count
2026-08-03 21:30:00 +0900,2026-08-03 21:40:00 +0900,65,count
2026-08-03 21:40:00 +0900,2026-08-03 21:50:00 +0900,120,count
2026-08-03 21:50:00 +0900,2026-08-03 22:00:00 +0900,89,count
2026-08-03 22:00:00 +0900,2026-08-03 22:10:00 +0900,47,count
2026-08-03 22:10:00 +0900,2026-08-03 22:20:00 +0900,71,count
2026-08-03 22:20:00 +0900,2026-08-03 22:30:00 +0900,154,count
2026-08-03 22:30:00 +0900,2026-08-03 22:40:00 +0900,149,count
2026-08-03 22:40:00 +0900,2026-08-03 22:50:00 +0900,122,count
2026-08-03 22:50:00 +0900,2026-08-03 23:00:00 +0900,79,count
2026-08-03 23:00:00 +0900,2026-08-03 23:10:00 +0900,2,count
2026-08-03 23:10:00 +0900,2026-08-03 23:20:00 +0900,6,count
2026-08-03 23:20:00 +0900,2026-08-03 23:30:00 +0900,2,count
2026-08-03 23:30:00 +0900,2026-08-03 23:40:00 +0900,15,count
2026-08-03 23:40:00 +0900,2026-08-03 23:50:00 +0900,0,count
2026-08-03 23:50:00 +0900,2026-08-04 00:00:00 +0900,0,count
2026-08-04 00:00:00 +0900,2026-08-04 00:10:00 +0900,0,count
2026-08-04 00:10:00 +0900,2026-08-04 00:20:00 +0900,0,count
2026-08-04 00:20:00 +0900,2026-08-04 00:30:00 +0900,0,count
2026-08-04 00:30:00 +0900,2026-08-04 00:40:00 +0900,0,count
2026-08-04 00:40:00 +0900,2026-08-04 00:50:00 +0900,0,count
2026-08-04 00:50:00 +0900,2026-08-04 01:00:00 +0900,0,count
2026-08-04 01:00:00 +0900,2026-08-04 01:10:00 +0900,0,count
2026-08-04 01:10:00 +0900,2026-08-04 01:20:00 +0900,0,count
2026-08-04 01:20:00 +0900,2026-08-04 01:30:00 +0900,0,count
2026-08-04 01:30:00 +0900,2026-08-04 01:40:00 +0900,0,count
2026-08-04 01:40:00 +0900,2026-08-04 01:50:00 +0900,0,count
2026-08-04 01:50:00 +0900,2026-08-04 02:00:00 +0900,0,count
2026-08-04 02:00:00 +0900,2026-08-04 02:10:00 +0900,0,count
2026-08-04 02:10:00 +0900,2026-08-04 02:20:00 +0900,0,count
2026-08-04 02:20:00 +0900,2026-08-04 02:30:00 +0900,0,count
2026-08-04 02:30:00 +0900,2026-08-04 02:40:00 +0900,0,count
2026-08-04 02:40:00 +0900,2026-08-04 02:50:00 +0900,0,count
2026-08-04 02:50:00 +0900,2026-08-04 03:00:00 +0900,0,count
2026-08-04 03:00:00 +0900,2026-08-04 03:10:00 +0900,0,count
2026-08-04 03:10:00 +0900,2026-08-04 03:20:00 +0900,0,count
2026-08-04 03:20:00 +0900,2026-08-04 03:30:00 +0900,0,count
2026-08-04 03:30:00 +0900,2026-08-04 03:40:00 +0900,0,count
2026-08-04 03:40:00 +0900,2026-08-04 03:50:00 +0900,0,count
2026-08-04 03:50:00 +0900,2026-08-04 04:00:00 +0900,0,count
2026-08-04 04:00:00 +0900,2026-08-04 04:10:00 +0900,0,count
2026-08-04 04:10:00 +0900,2026-08-04 04:20:00 +0900,0,count
2026-08-04 04:20:00 +0900,2026-08-04 04:30:00 +0900,0,count
2026-08-04 04:30:00 +0900,2026-08-04 04:40:00 +0900,0,count
2026-08-04 04:40:00 +0900,2026-08-04 04:50:00 +0900,0,count
2026-08-04 04:50:00 +0900,2026-08-04 05:00:00 +0900,0,count
2026-08-04 05:00:00 +0900,2026-08-04 05:10:00 +0900,0,count
2026-08-04 05:10:00 +0900,2026-08-04 05:20:00 +0900,0,count
2026-08-04 05:20:00 +0900,2026-08-04 05:30:00 +0900,0,count
2026-08-04 05:30:00 +0900,2026-08-04 05:40:00 +0900,0,count
2026-08-04 05:40:00 +0900,2026-08-04 05:50:00 +0900,0,count
2026-08-04 05:50:00 +0900,2026-08-04 06:00:00 +0900,0,count
2026-08-04 06:00:00 +0900,2026-08-04 06:10:00 +0900,0,count
2026-08-04 06:10:00 +0900,2026-08-04 06:20:00 +0900,0,count
2026-08-04 06:20:00 +0900,2026-08-04 06:30:00 +0900,0,count
2026-08-04 06:30:00 +0900,2026-08-04 06:40:00 +0900,0,count
2026-08-04 06:40:00 +0900,2026-08-04 06:50:00 +0900,0,count
2026-08-04 06:50:00 +0900,2026-08-04 07:00:00 +0900,0,count
2026-08-04 07:00:00 +0900,2026-08-04 07:10:00 +0900,0,count
2026-08-04 07:10:00 +0900,2026-08-04 07:20:00 +0900,0,count
2026-08-04 07:20:00 +0900,2026-08-04 07:30:00 +0900,0,count
2026-08-04 07:30:00 +0900,2026-08-04 07:40:00 +0900,80,count
2026-08-04 07:40:00 +0900,2026-08-04 07:50:00 +0900,20,count
2026-08-04 07:50:00 +0900,2026-08-04 08:00:00 +0900,180,count
2026-08-04 08:00:00 +0900,2026-08-04 08:10:00 +0900,705,count
2026-08-04 08:10:00 +0900,2026-08-04 08:20:00 +0900,848,count
2026-08-04 08:20:00 +0900,2026-08-04 08:30:00 +0900,503,count
2026-08-04 08:30:00 +0900,2026-08-04 08:40:00 +0900,828,count
2026-08-04 08:40:00 +0900,2026-08-04 08:50:00 +0900,856,count
2026-08-04 08:50:00 +0900,2026-08-04 09:00:00 +0900,517,count
2026-08-04 09:00:00 +0900,2026-08-04 09:10:00 +0900,57,count
2026-08-04 09:10:00 +0900,2026-08-04 09:20:00 +0900,58,count
2026-08-04 09:20:00 +0900,2026-08-04 09:30:00 +0900,89,count
2026-08-04 09:30:00 +0900,2026-08-04 09:40:00 +0900,145,count
2026-08-04 09:40:00 +0900,2026-08-04 09:50:00 +0900,74,count
2026-08-04 09:50:00 +0900,2026-08-04 10:00:00 +0900,88,count
2026-08-04 10:00:00 +0900,2026-08-04 10:10:00 +0900,76,count
2026-08-04 10:10:00 +0900,2026-08-04 10:20:00 +0900,153,count
2026-08-04 10:20:00 +0900,2026-08-04 10:30:00 +0900,161,count
2026-08-04 10:30:00 +0900,2026-08-04 10:40:00 +0900,76,count
2026-08-04 10:40:00 +0900,2026-08-04 10:50:00 +0900,180,count
2026-08-04 10:50:00 +0900,2026-08-04 11:00:00 +0900,107,count
2026-08-04 11:00:00 +0900,2026-08-04 11:10:00 +0900,84,count
2026-08-04 11:10:00 +0900,2026-08-04 11:20:00 +0900,145,count
2026-08-04 11:20:00 +0900,2026-08-04 11:30:00 +0900,110,count
2026-08-04 11:30:00 +0900,2026-08-04 11:40:00 +0900,141,count
2026-08-04 11:40:00 +0900,2026-08-04 11:50:00 +0900,60,count
2026-08-04 11:50:00 +0900,2026-08-04 12:00:00 +0900,35,count
2026-08-04 12:00:00 +0900,2026-08-04 12:10:00 +0900,335,count
2026-08-04 12:10:00 +0900,2026-08-04 12:20:00 +0900,448,count
2026-08-04 12:20:00 +0900,2026-08-04 12:30:00 +0900,387,count
2026-08-04 12:30:00 +0900,2026-08-04 12:40:00 +0900,435,count
2026-08-04 12:40:00 +0900,2026-08-04 12:50:00 +0900,374,count
2026-08-04 12:50:00 +0900,2026-08-04 13:00:00 +0900,445,count
2026-08-04 13:00:00 +0900,2026-08-04 13:10:00 +0900,119,count
2026-08-04 13:10:00 +0900,2026-08-04 13:20:00 +0900,124,count
2026-08-04 13:20:00 +0900,2026-08-04 13:30:00 +0900,55,count
2026-08-04 13:30:00 +0900,2026-08-04 13:40:00 +0900,65,count
2026-08-04 13:40:00 +0900,2026-08-04 13:50:00 +0900,118,count
2026-08-04 13:50:00 +0900,2026-08-04 14:00:00 +0900,179,count
2026-08-04 14:00:00 +0900,2026-08-04 14:10:00 +0900,132,count
2026-08-04 14:10:00 +0900,2026-08-04 14:20:00 +0900,77,count
2026-08-04 14:20:00 +0900,2026-08-04 14:30:00 +0900,29,count
2026-08-04 14:30:00 +0900,2026-08-04 14:40:00 +0900,115,count
2026-08-04 14:40:00 +0900,2026-08-04 14:50:00 +0900,81,count
2026-08-04 14:50:00 +0900,2026-08-04 15:00:00 +0900,81,count
2026-08-04 15:00:00 +0900,2026-08-04 15:10:00 +0900,127,count
2026-08-04 15:10:00 +0900,2026-08-04 15:20:00 +0900,143,count
2026-08-04 15:20:00 +0900,2026-08-04 15:30:00 +0900,131,count
2026-08-04 15:30:00 +0900,2026-08-04 15:40:00 +0900,114,count
2026-08-04 15:40:00 +0900,2026-08-04 15:50:00 +0900,99,count
2026-08-04 15:50:00 +0900,2026-08-04 16:00:00 +0900,150,count
2026-08-04 16:00:00 +0900,2026-08-04 16:10:00 +0900,172,count
2026-08-04 16:10:00 +0900,2026-08-04 16:20:00 +0900,125,count
2026-08-04 16:20:00 +0900,2026-08-04 16:30:00 +0900,103,count
2026-08-04 16:30:00 +0900,2026-08-04 16:40:00 +0900,107,count
2026-08-04 16:40:00 +0900,2026-08-04 16:50:00 +0900,147,count
2026-08-04 16:50:00 +0900,2026-08-04 17:00:00 +0900,96,count
2026-08-04 17:00:00 +0900,2026-08-04 17:10:00 +0900,52,count
2026-08-04 17:10:00 +0900,2026-08-04 17:20:00 +0900,147,count
2026-08-04 17:20:00 +0900,2026-08-04 17:30:00 +0900,159,count
2026-08-04 17:30:00 +0900,2026-08-04 17:40:00 +0900,97,count
2026-08-04 17:40:00 +0900,2026-08-04 17:50:00 +0900,46,count
2026-08-04 17:50:00 +0900,2026-08-04 18:00:00 +0900,99,count
2026-08-04 18:00:00 +0900,2026-08-04 18:10:00 +0900,112,count
2026-08-04 18:10:00 +0900,2026-08-04 18:20:00 +0900,98,count
2026-08-04 18:20:00 +0900,2026-08-04 18:30:00 +0900,164,count
2026-08-04 18:30:00 +0900,2026-08-04 18:40:00 +0900,576,count
2026-08-04 18:40:00 +0900,2026-08-04 18:50:00 +0900,548,count
2026-08-04 18:50:00 +0900,2026-08-04 19:00:00 +0900,676,count
2026-08-04 19:00:00 +0900,2026-08-04 19:10:00 +0900,405,count
2026-08-04 19:10:00 +0900,2026-08-04 19:20:00 +0900,741,count
2026-08-04 19:20:00 +0900,2026-08-04 19:30:00 +0900,607,count
2026-08-04 19:30:00 +0900,2026-08-04 19:40:00 +0900,42,count
2026-08-04 19:40:00 +0900,2026-08-04 19:50:00 +0900,111,count
2026-08-04 19:50:00 +0900,2026-08-04 20:00:00 +0900,164,count
2026-08-04 20:00:00 +0900,2026-08-04 20:10:00 +0900,119,count
2026-08-04 20:10:00 +0900,2026-08-04 20:20:00 +0900,153,count
2026-08-04 20:20:00 +0900,2026-08-04 20:30:00 +0900,72,count
2026-08-04 20:30:00 +0900,2026-08-04 20:40:00 +0900,84,count
2026-08-04 20:40:00 +0900,2026-08-04 20:50:00 +0900,152,count
2026-08-04 20:50:00 +0900,2026-08-04 21:00:00 +0900,145,count
2026-08-04 21:00:00 +0900,2026-08-04 21:10:00 +0900,94,count
2026-08-04 21:10:00 +0900,2026-08-04 21:20:00 +0900,56,count
2026-08-04 21:20:00 +0900,2026-08-04 21:30:00 +0900,138,count
2026-08-04 21:30:00 +0900,2026-08-04 21:40:00 +0900,54,count
2026-08-04 21:40:00 +0900,2026-08-04 21:50:00 +0900,154,count
2026-08-04 21:50:00 +0900,2026-08-04 22:00:00 +0900,141,count
2026-08-04 22:00:00 +0900,2026-08-04 22:10:00 +0900,160,count
2026-08-04 22:10:00 +0900,2026-08-04 22:20:00 +0900,166,count
2026-08-04 22:20:00 +0900,2026-08-04 22:30:00 +0900,21,count
2026-08-04 22:30:00 +0900,2026-08-04 22:40:00 +0900,105,count
2026-08-04 22:40:00 +0900,2026-08-04 22:50:00 +0900,41,count
2026-08-04 22:50:00 +0900,2026-08-04 23:00:00 +0900,94,count
2026-08-04 23:00:00 +0900,2026-08-04 23:10:00 +0900,22,count
2026-08-04 23:10:00 +0900,2026-08-04 23:20:00 +0900,24,count
2026-08-04 23:20:00 +0900,2026-08-04 23:30:00 +0900,11,count
2026-08-04 23:30:00 +0900,2026-08-04 23:40:00 +0900,8,count
2026-08-04 23:40:00 +0900,2026-08-04 23:50:00 +0900,0,count
2026-08-04 23:50:00 +0900,2026-08-05 00:00:00 +0900,0,count
2026-08-05 00:00:00 +0900,2026-08-05 00:10:00 +0900,0,count
2026-08-05 00:10:00 +0900,2026-08-05 00:20:00 +0900,0,count
2026-08-05 00:20:00 +0900,2026-08-05 00:30:00 +0900,0,count
2026-08-05 00:30:00 +0900,2026-08-05 00:40:00 +0900,0,count
2026-08-05 00:40:00 +0900,2026-08-05 00:50:00 +0900,0,count
2026-08-05 00:50:00 +0900,2026-08-05 01:00:00 +0900,0,count
2026-08-05 01:00:00 +0900,2026-08-05 01:10:00 +0900,0,count
2026-08-05 01:10:00 +0900,2026-08-05 01:20:00 +0900,0,count
2026-08-05 01:20:00 +0900,2026-08-05 01:30:00 +0900,0,count
2026-08-05 01:30:00 +0900,2026-08-05 01:40:00 +0900,0,count
2026-08-05 01:40:00 +0900,2026-08-05 01:50:00 +0900,0,count
2026-08-05 01:50:00 +0900,2026-08-05 02:00:00 +0900,0,count
2026-08-05 02:00:00 +0900,2026-08-05 02:10:00 +0900,0,count
2026-08-05 02:10:00 +0900,2026-08-05 02:20:00 +0900,0,count
2026-08-05 02:20:00 +0900,2026-08-05 02:30:00 +0900,0,count
2026-08-05 02:30:00 +0900,2026-08-05 02:40:00 +0900,0,count
2026-08-05 02:40:00 +0900,2026-08-05 02:50:00 +0900,0,count
2026-08-05 02:50:00 +0900,2026-08-05 03:00:00 +0900,0,count
2026-08-05 03:00:00 +0900,2026-08-05 03:10:00 +0900,0,count
2026-08-05 03:10:00 +0900,2026-08-05 03:20:00 +0900,0,count
2026-08-05 03:20:00 +0900,2026-08-05 03:30:00 +0900,0,count
2026-08-05 03:30:00 +0900,2026-08-05 03:40:00 +0900,0,count
2026-08-05 03:40:00 +0900,2026-08-05 03:50:00 +0900,0,count
2026-08-05 03:50:00 +0900,2026-08-05 04:00:00 +0900,0,count
2026-08-05 04:00:00 +0900,2026-08-05 04:10:00 +0900,0,count
2026-08-05 04:10:00 +0900,2026-08-05 04:20:00 +0900,0,count
2026-08-05 04:20:00 +0900,2026-08-05 04:30:00 +0900,0,count
2026-08-05 04:30:00 +0900,2026-08-05 04:40:00 +0900,0,count
2026-08-05 04:40:00 +0900,2026-08-05 04:50:00 +0900,0,count
2026-08-05 04:50:00 +0900,2026-08-05 05:00:00 +0900,0,count
2026-08-05 05:00:00 +0900,2026-08-05 05:10:00 +0900,0,count
2026-08-05 05:10:00 +0900,2026-08-05 05:20:00 +0900,0,count
2026-08-05 05:20:00 +0900,2026-08-05 05:30:00 +0900,0,count
2026-08-05 05:30:00 +0900,2026-08-05 05:40:00 +0900,0,count
2026-08-05 05:40:00 +0900,2026-08-05 05:50:00 +0900,0,count
2026-08-05 05:50:00 +0900,2026-08-05 06:00:00 +0900,0,count
2026-08-05 06:00:00 +0900,2026-08-05 06:10:00 +0900,0,count
2026-08-05 06:10:00 +0900,2026-08-05 06:20:00 +0900,0,count
2026-08-05 06:20:00 +0900,2026-08-05 06:30:00 +0900,0,count
2026-08-05 06:30:00 +0900,2026-08-05 06:40:00 +0900,0,count
2026-08-05 06:40:00 +0900,2026-08-05 06:50:00 +0900,0,count
2026-08-05 06:50:00 +0900,2026-08-05 07:00:00 +0900,0,count
2026-08-05 07:00:00 +0900,2026-08-05 07:10:00 +0900,0,count
2026-08-05 07:10:00 +0900,2026-08-05 07:20:00 +0900,0,count
2026-08-05 07:20:00 +0900,2026-08-05 07:30:00 +0900,0,count
2026-08-05 07:30:00 +0900,2026-08-05 07:40:00 +0900,0,count
2026-08-05 07:40:00 +0900,2026-08-05 07:50:00 +0900,106,count
2026-08-05 07:50:00 +0900,2026-08-05 08:00:00 +0900,88,count
2026-08-05 08:00:00 +0900,2026-08-05 08:10:00 +0900,692,count
2026-08-05 08:10:00 +0900,2026-08-05 08:20:00 +0900,630,count
2026-08-05 08:20:00 +0900,2026-08-05 08:30:00 +0900,549,count
2026-08-05 08:30:00 +0900,2026-08-05 08:40:00 +0900,879,count
2026-08-05 08:40:00 +0900,2026-08-05 08:50:00 +0900,556,count
2026-08-05 08:50:00 +0900,2026-08-05 09:00:00 +0900,821,count
2026-08-05 09:00:00 +0900,2026-08-05 09:10:00 +0900,138,count
2026-08-05 09:10:00 +0900,2026-08-05 09:20:00 +0900,27,count
2026-08-05 09:20:00 +0900,2026-08-05 09:30:00 +0900,23,count
2026-08-05 09:30:00 +0900,2026-08-05 09:40:00 +0900,175,count
2026-08-05 09:40:00 +0900,2026-08-05 09:50:00 +0900,55,count
2026-08-05 09:50:00 +0900,2026-08-05 10:00:00 +0900,174,count
2026-08-05 10:00:00 +0900,2026-08-05 10:10:00 +0900,27,count
2026-08-05 10:10:00 +0900,2026-08-05 10:20:00 +0900,65,count
2026-08-05 10:20:00 +0900,2026-08-05 10:30:00 +0900,53,count
2026-08-05 10:30:00 +0900,2026-08-05 10:40:00 +0900,52,count
2026-08-05 10:40:00 +0900,2026-08-05 10:50:00 +0900,139,count
2026-08-05 10:50:00 +0900,2026-08-05 11:00:00 +0900,96,count
2026-08-05 11:00:00 +0900,2026-08-05 11:10:00 +0900,118,count
2026-08-05 11:10:00 +0900,2026-08-05 11:20:00 +0900,104,count
2026-08-05 11:20:00 +0900,2026-08-05 11:30:00 +0900,78,count
2026-08-05 11:30:00 +0900,2026-08-05 11:40:00 +0900,61,count
2026-08-05 11:40:00 +0900,2026-08-05 11:50:00 +0900,53,count
2026-08-05 11:50:00 +0900,2026-08-05 12:00:00 +0900,33,count
2026-08-05 12:00:00 +0900,2026-08-05 12:10:00 +0900,471,count
2026-08-05 12:10:00 +0900,2026-08-05 12:20:00 +0900,322,count
2026-08-05 12:20:00 +0900,2026-08-05 12:30:00 +0900,403,count
2026-08-05 12:30:00 +0900,2026-08-05 12:40:00 +0900,450,count
2026-08-05 12:40:00 +0900,2026-08-05 12:50:00 +0900,436,count
2026-08-05 12:50:00 +0900,2026-08-05 13:00:00 +0900,420,count
2026-08-05 13:00:00 +0900,2026-08-05 13:10:00 +0900,160,count
2026-08-05 13:10:00 +0900,2026-08-05 13:20:00 +0900,92,count
2026-08-05 13:20:00 +0900,2026-08-05 13:30:00 +0900,81,count
2026-08-05 13:30:00 +0900,2026-08-05 13:40:00 +0900,54,count
2026-08-05 13:40:00 +0900,2026-08-05 13:50:00 +0900,146,count
2026-08-05 13:50:00 +0900,2026-08-05 14:00:00 +0900,80,count
2026-08-05 14:00:00 +0900,2026-08-05 14:10:00 +0900,99,count
2026-08-05 14:10:00 +0900,2026-08-05 14:20:00 +0900,78,count
2026-08-05 14:20:00 +0900,2026-08-05 14:30:00 +0900,177,count
2026-08-05 14:30:00 +0900,2026-08-05 14:40:00 +0900,111,count
2026-08-05 14:40:00 +0900,2026-08-05 14:50:00 +0900,167,count
2026-08-05 14:50:00 +0900,2026-08-05 15:00:00 +0900,164,count
2026-08-05 15:00:00 +0900,2026-08-05 15:10:00 +0900,56,count
2026-08-05 15:10:00 +0900,2026-08-05 15:20:00 +0900,137,count
2026-08-05 15:20:00 +0900,2026-08-05 15:30:00 +0900,132,count
2026-08-05 15:30:00 +0900,2026-08-05 15:40:00 +0900,35,count
2026-08-05 15:40:00 +0900,2026-08-05 15:50:00 +0900,121,count
2026-08-05 15:50:00 +0900,2026-08-05 16:00:00 +0900,107,count
2026-08-05 16:00:00 +0900,2026-08-05 16:10:00 +0900,151,count
2026-08-05 16:10:00 +0900,2026-08-05 16:20:00 +0900,122,count
2026-08-05 16:20:00 +0900,2026-08-05 16:30:00 +0900,163,count
2026-08-05 16:30:00 +0900,2026-08-05 16:40:00 +0900,96,count
2026-08-05 16:40:00 +0900,2026-08-05 16:50:00 +0900,109,count
2026-08-05 16:50:00 +0900,2026-08-05 17:00:00 +0900,129,count
2026-08-05 17:00:00 +0900,2026-08-05 17:10:00 +0900,62,count
2026-08-05 17:10:00 +0900,2026-08-05 17:20:00 +0900,123,count
2026-08-05 17:20:00 +0900,2026-08-05 17:30:00 +0900,131,count
2026-08-05 17:30:00 +0900,2026-08-05 17:40:00 +0900,134,count
2026-08-05 17:40:00 +0900,2026-08-05 17:50:00 +0900,130,count
2026-08-05 17:50:00 +0900,2026-08-05 18:00:00 +0900,161,count
2026-08-05 18:00:00 +0900,2026-08-05 18:10:00 +0900,141,count
2026-08-05 18:10:00 +0900,2026-08-05 18:20:00 +0900,77,count
2026-08-05 18:20:00 +0900,2026-08-05 18:30:00 +0900,117,count
2026-08-05 18:30:00 +0900,2026-08-05 18:40:00 +0900,506,count
2026-08-05 18:40:00 +0900,2026-08-05 18:50:00 +0900,679,count
2026-08-05 18:50:00 +0900,2026-08-05 19:00:00 +0900,784,count
2026-08-05 19:00:00 +0900,2026-08-05 19:10:00 +0900,402,count
2026-08-05 19:10:00 +0900,2026-08-05 19:20:00 +0900,688,count
2026-08-05 19:20:00 +0900,2026-08-05 19:30:00 +0900,658,count
2026-08-05 19:30:00 +0900,2026-08-05 19:40:00 +0900,170,count
2026-08-05 19:40:00 +0900,2026-08-05 19:50:00 +0900,48,count
2026-08-05 19:50:00 +0900,2026-08-05 20:00:00 +0900,144,count
2026-08-05 20:00:00 +0900,2026-08-05 20:10:00 +0900,46,count
2026-08-05 20:10:00 +0900,2026-08-05 20:20:00 +0900,39,count
2026-08-05 20:20:00 +0900,2026-08-05 20:30:00 +0900,97,count
2026-08-05 20:30:00 +0900,2026-08-05 20:40:00 +0900,82,count
2026-08-05 20:40:00 +0900,2026-08-05 20:50:00 +0900,114,count
2026-08-05 20:50:00 +0900,2026-08-05 21:00:00 +0900,64,count
2026-08-05 21:00:00 +0900,2026-08-05 21:10:00 +0900,88,count
2026-08-05 21:10:00 +0900,2026-08-05 21:20:00 +0900,144,count
2026-08-05 21:20:00 +0900,2026-08-05 21:30:00 +0900,179,count
2026-08-05 21:30:00 +0900,2026-08-05 21:40:00 +0900,102,count
2026-08-05 21:40:00 +0900,2026-08-05 21:50:00 +0900,56,count
2026-08-05 21:50:00 +0900,2026-08-05 22:00:00 +0900,38,count
2026-08-05 22:00:00 +0900,2026-08-05 22:10:00 +0900,46,count
2026-08-05 22:10:00 +0900,2026-08-05 22:20:00 +0900,66,count
2026-08-05 22:20:00 +0900,2026-08-05 22:30:00 +0900,130,count
2026-08-05 22:30:00 +0900,2026-08-05 22:40:00 +0900,54,count
2026-08-05 22:40:00 +0900,2026-08-05 22:50:00 +0900,152,count
2026-08-05 22:50:00 +0900,2026-08-05 23:00:00 +0900,49,count
2026-08-05 23:00:00 +0900,2026-08-05 23:10:00 +0900,24,count
2026-08-05 23:10:00 +0900,2026-08-05 23:20:00 +0900,19,count
2026-08-05 23:20:00 +0900,2026-08-05 23:30:00 +0900,1,count
2026-08-05 23:30:00 +0900,2026-08-05 23:40:00 +0900,0,count
2026-08-05 23:40:00 +0900,2026-08-05 23:50:00 +0900,0,count
2026-08-05 23:50:00 +0900,2026-08-06 00:00:00 +0900,0,count
2026-08-06 00:00:00 +0900,2026-08-06 00:10:00 +0900,0,count
2026-08-06 00:10:00 +0900,2026-08-06 00:20:00 +0900,0,count
2026-08-06 00:20:00 +0900,2026-08-06 00:30:00 +0900,0,count
2026-08-06 00:30:00 +0900,2026-08-06 00:40:00 +0900,0,count
2026-08-06 00:40:00 +0900,2026-08-06 00:50:00 +0900,0,count
2026-08-06 00:50:00 +0900,2026-08-06 01:00:00 +0900,0,count
2026-08-06 01:00:00 +0900,2026-08-06 01:10:00 +0900,0,count
2026-08-06 01:10:00 +0900,2026-08-06 01:20:00 +0900,0,count
2026-08-06 01:20:00 +0900,2026-08-06 01:30:00 +0900,0,count
2026-08-06 01:30:00 +0900,2026-08-06 01:40:00 +0900,0,count
2026-08-06 01:40:00 +0900,2026-08-06 01:50:00 +0900,0,count
2026-08-06 01:50:00 +0900,2026-08-06 02:00:00 +0900,0,count
2026-08-06 02:00:00 +0900,2026-08-06 02:10:00 +0900,0,count
2026-08-06 02:10:00 +0900,2026-08-06 02:20:00 +0900,0,count
2026-08-06 02:20:00 +0900,2026-08-06 02:30:00 +0900,0,count
2026-08-06 02:30:00 +0900,2026-08-06 02:40:00 +0900,0,count
2026-08-06 02:40:00 +0900,2026-08-06 02:50:00 +0900,0,count
2026-08-06 02:50:00 +0900,2026-08-06 03:00:00 +0900,0,count
2026-08-06 03:00:00 +0900,2026-08-06 03:10:00 +0900,0,count
2026-08-06 03:10:00 +0900,2026-08-06 03:20:00 +0900,0,count
2026-08-06 03:20:00 +0900,2026-08-06 03:30:00 +0900,0,count
2026-08-06 03:30:00 +0900,2026-08-06 03:40:00 +0900,0,count
2026-08-06 03:40:00 +0900,2026-08-06 03:50:00 +0900,0,count
2026-08-06 03:50:00 +0900,2026-08-06 04:00:00 +0900,0,count
2026-08-06 04:00:00 +0900,2026-08-06 04:10:00 +0900,0,count
2026-08-06 04:10:00 +0900,2026-08-06 04:20:00 +0900,0,count
2026-08-06 04:20:00 +0900,2026-08-06 04:30:00 +0900,0,count
2026-08-06 04:30:00 +0900,2026-08-06 04:40:00 +0900,0,count
2026-08-06 04:40:00 +0900,2026-08-06 04:50:00 +0900,0,count
2026-08-06 04:50:00 +0900,2026-08-06 05:00:00 +0900,0,count
2026-08-06 05:00:00 +0900,2026-08-06 05:10:00 +0900,0,count
2026-08-06 05:10:00 +0900,2026-08-06 05:20:00 +0900,0,count
2026-08-06 05:20:00 +0900,2026-08-06 05:30:00 +0900,0,count
2026-08-06 05:30:00 +0900,2026-08-06 05:40:00 +0900,0,count
2026-08-06 05:40:00 +0900,2026-08-06 05:50:00 +0900,0,count
2026-08-06 05:50:00 +0900,2026-08-06 06:00:00 +0900,0,count
2026-08-06 06:00:00 +0900,2026-08-06 06:10:00 +0900,0,count
2026-08-06 06:10:00 +0900,2026-08-06 06:20:00 +0900,0,count
2026-08-06 06:20:00 +0900,2026-08-06 06:30:00 +0900,0,count
2026-08-06 06:30:00 +0900,2026-08-06 06:40:00 +0900,0,count
2026-08-06 06:40:00 +0900,2026-08-06 06:50:00 +0900,0,count
2026-08-06 06:50:00 +0900,2026-08-06 07:00:00 +0900,0,count
2026-08-06 07:00:00 +0900,2026-08-06 07:10:00 +0900,0,count
2026-08-06 07:10:00 +0900,2026-08-06 07:20:00 +0900,0,count
2026-08-06 07:20:00 +0900,2026-08-06 07:30:00 +0900,0,count
2026-08-06 07:30:00 +0900,2026-08-06 07:40:00 +0900,0,count
2026-08-06 07:40:00 +0900,2026-08-06 07:50:00 +0900,63,count
2026-08-06 07:50:00 +0900,2026-08-06 08:00:00 +0900,30,count
2026-08-06 08:00:00 +0900,2026-08-06 08:10:00 +0900,737,count
2026-08-06 08:10:00 +0900,2026-08-06 08:20:00 +0900,701,count
2026-08-06 08:20:00 +0900,2026-08-06 08:30:00 +0900,531,count
2026-08-06 08:30:00 +0900,2026-08-06 08:40:00 +0900,622,count
2026-08-06 08:40:00 +0900,2026-08-06 08:50:00 +0900,719,count
2026-08-06 08:50:00 +0900,2026-08-06 09:00:00 +0900,678,count
2026-08-06 09:00:00 +0900,2026-08-06 09:10:00 +0900,50,count
2026-08-06 09:10:00 +0900,2026-08-06 09:20:00 +0900,152,count
2026-08-06 09:20:00 +0900,2026-08-06 09:30:00 +0900,137,count
2026-08-06 09:30:00 +0900,2026-08-06 09:40:00 +0900,64,count
2026-08-06 09:40:00 +0900,2026-08-06 09:50:00 +0900,134,count
2026-08-06 09:50:00 +0900,2026-08-06 10:00:00 +0900,160,count
2026-08-06 10:00:00 +0900,2026-08-06 10:10:00 +0900,156,count
2026-08-06 10:10:00 +0900,2026-08-06 10:20:00 +0900,63,count
2026-08-06 10:20:00 +0900,2026-08-06 10:30:00 +0900,74,count
2026-08-06 10:30:00 +0900,2026-08-06 10:40:00 +0900,134,count
2026-08-06 10:40:00 +0900,2026-08-06 10:50:00 +0900,66,count
2026-08-06 10:50:00 +0900,2026-08-06 11:00:00 +0900,60,count
2026-08-06 11:00:00 +0900,2026-08-06 11:10:00 +0900,56,count
2026-08-06 11:10:00 +0900,2026-08-06 11:20:00 +0900,114,count
2026-08-06 11:20:00 +0900,2026-08-06 11:30:00 +0900,88,count
2026-08-06 11:30:00 +0900,2026-08-06 11:40:00 +0900,122,count
2026-08-06 11:40:00 +0900,2026-08-06 11:50:00 +0900,109,count
2026-08-06 11:50:00 +0900,2026-08-06 12:00:00 +0900,131,count
2026-08-06 12:00:00 +0900,2026-08-06 12:10:00 +0900,395,count
2026-08-06 12:10:00 +0900,2026-08-06 12:20:00 +0900,454,count
2026-08-06 12:20:00 +0900,2026-08-06 12:30:00 +0900,363,count
2026-08-06 12:30:00 +0900,2026-08-06 12:40:00 +0900,496,count
2026-08-06 12:40:00 +0900,2026-08-06 12:50:00 +0900,393,count
2026-08-06 12:50:00 +0900,2026-08-06 13:00:00 +0900,258,count
2026-08-06 13:00:00 +0900,2026-08-06 13:10:00 +0900,158,count
2026-08-06 13:10:00 +0900,2026-08-06 13:20:00 +0900,108,count
2026-08-06 13:20:00 +0900,2026-08-06 13:30:00 +0900,112,count
2026-08-06 13:30:00 +0900,2026-08-06 13:40:00 +0900,132,count
2026-08-06 13:40:00 +0900,2026-08-06 13:50:00 +0900,72,count
2026-08-06 13:50:00 +0900,2026-08-06 14:00:00 +0900,78,count
2026-08-06 14:00:00 +0900,2026-08-06 14:10:00 +0900,161,count
2026-08-06 14:10:00 +0900,2026-08-06 14:20:00 +0900,115,count
2026-08-06 14:20:00 +0900,2026-08-06 14:30:00 +0900,110,count
2026-08-06 14:30:00 +0900,2026-08-06 14:40:00 +0900,149,count
2026-08-06 14:40:00 +0900,2026-08-06 14:50:00 +0900,60,count
2026-08-06 14:50:00 +0900,2026-08-06 15:00:00 +0900,164,count
2026-08-06 15:00:00 +0900,2026-08-06 15:10:00 +0900,84,count
2026-08-06 15:10:00 +0900,2026-08-06 15:20:00 +0900,113,count
2026-08-06 15:20:00 +0900,2026-08-06 15:30:00 +0900,155,count
2026-08-06 15:30:00 +0900,2026-08-06 15:40:00 +0900,176,count
2026-08-06 15:40:00 +0900,2026-08-06 15:50:00 +0900,48,count
2026-08-06 15:50:00 +0900,2026-08-06 16:00:00 +0900,129,count
2026-08-06 16:00:00 +0900,2026-08-06 16:10:00 +0900,20,count
2026-08-06 16:10:00 +0900,2026-08-06 16:20:00 +0900,41,count
2026-08-06 16:20:00 +0900,2026-08-06 16:30:00 +0900,147,count
2026-08-06 16:30:00 +0900,2026-08-06 16:40:00 +0900,64,count
2026-08-06 16:40:00 +0900,2026-08-06 16:50:00 +0900,20,count
2026-08-06 16:50:00 +0900,2026-08-06 17:00:00 +0900,120,count
2026-08-06 17:00:00 +0900,2026-08-06 17:10:00 +0900,69,count
2026-08-06 17:10:00 +0900,2026-08-06 17:20:00 +0900,173,count
2026-08-06 17:20:00 +0900,2026-08-06 17:30:00 +0900,165,count
2026-08-06 17:30:00 +0900,2026-08-06 17:40:00 +0900,33,count
2026-08-06 17:40:00 +0900,2026-08-06 17:50:00 +0900,171,count
2026-08-06 17:50:00 +0900,2026-08-06 18:00:00 +0900,166,count
2026-08-06 18:00:00 +0900,2026-08-06 18:10:00 +0900,39,count
2026-08-06 18:10:00 +0900,2026-08-06 18:20:00 +0900,48,count
2026-08-06 18:20:00 +0900,2026-08-06 18:30:00 +0900,108,count
2026-08-06 18:30:00 +0900,2026-08-06 18:40:00 +0900,656,count
2026-08-06 18:40:00 +0900,2026-08-06 18:50:00 +0900,699,count
2026-08-06 18:50:00 +0900,2026-08-06 19:00:00 +0900,670,count
2026-08-06 19:00:00 +0900,2026-08-06 19:10:00 +0900,673,count
2026-08-06 19:10:00 +0900,2026-08-06 19:20:00 +0900,645,count
2026-08-06 19:20:00 +0900,2026-08-06 19:30:00 +0900,477,count
2026-08-06 19:30:00 +0900,2026-08-06 19:40:00 +0900,143,count
2026-08-06 19:40:00 +0900,2026-08-06 19:50:00 +0900,44,count
2026-08-06 19:50:00 +0900,2026-08-06 20:00:00 +0900,83,count
2026-08-06 20:00:00 +0900,2026-08-06 20:10:00 +0900,100,count
2026-08-06 20:10:00 +0900,2026-08-06 20:20:00 +0900,123,count
2026-08-06 20:20:00 +0900,2026-08-06 20:30:00 +0900,165,count
2026-08-06 20:30:00 +0900,2026-08-06 20:40:00 +0900,36,count
2026-08-06 20:40:00 +0900,2026-08-06 20:50:00 +0900,50,count
2026-08-06 20:50:00 +0900,2026-08-06 21:00:00 +0900,140,count
2026-08-06 21:00:00 +0900,2026-08-06 21:10:00 +0900,70,count
2026-08-06 21:10:00 +0900,2026-08-06 21:20:00 +0900,135,count
2026-08-06 21:20:00 +0900,2026-08-06 21:30:00 +0900,25,count
2026-08-06 21:30:00 +0900,2026-08-06 21:40:00 +0900,25,count
2026-08-06 21:40:00 +0900,2026-08-06 21:50:00 +0900,165,count
2026-08-06 21:50:00 +0900,2026-08-06 22:00:00 +0900,24,count
2026-08-06 22:00:00 +0900,2026-08-06 22:10:00 +0900,114,count
2026-08-06 22:10:00 +0900,2026-08-06 22:20:00 +0900,64,count
2026-08-06 22:20:00 +0900,2026-08-06 22:30:00 +0900,167,count
2026-08-06 22:30:00 +0900,2026-08-06 22:40:00 +0900,65,count
2026-08-06 22:40:00 +0900,2026-08-06 22:50:00 +0900,79,count
2026-08-06 22:50:00 +0900,2026-08-06 23:00:00 +0900,159,count
2026-08-06 23:00:00 +0900,2026-08-06 23:10:00 +0900,10,count
2026-08-06 23:10:00 +0900,2026-08-06 23:20:00 +0900,18,count
2026-08-06 23:20:00 +0900,2026-08-06 23:30:00 +0900,0,count
2026-08-06 23:30:00 +0900,2026-08-06 23:40:00 +0900,0,count
2026-08-06 23:40:00 +0900,2026-08-06 23:50:00 +0900,0,count
2026-08-06 23:50:00 +0900,2026-08-07 00:00:00 +0900,0,count
2026-08-07 00:00:00 +0900,2026-08-07 00:10:00 +0900,0,count
2026-08-07 00:10:00 +0900,2026-08-07 00:20:00 +0900,0,count
2026-08-07 00:20:00 +0900,2026-08-07 00:30:00 +0900,0,count
2026-08-07 00:30:00 +0900,2026-08-07 00:40:00 +0900,0,count
2026-08-07 00:40:00 +0900,2026-08-07 00:50:00 +0900,0,count
2026-08-07 00:50:00 +0900,2026-08-07 01:00:00 +0900,0,count
2026-08-07 01:00:00 +0900,2026-08-07 01:10:00 +0900,0,count
2026-08-07 01:10:00 +0900,2026-08-07 01:20:00 +0900,0,count
2026-08-07 01:20:00 +0900,2026-08-07 01:30:00 +0900,0,count
2026-08-07 01:30:00 +0900,2026-08-07 01:40:00 +0900,0,count
2026-08-07 01:40:00 +0900,2026-08-07 01:50:00 +0900,0,count
2026-08-07 01:50:00 +0900,2026-08-07 02:00:00 +0900,0,count
2026-08-07 02:00:00 +0900,2026-08-07 02:10:00 +0900,0,count
2026-08-07 02:10:00 +0900,2026-08-07 02:20:00 +0900,0,count
2026-08-07 02:20:00 +0900,2026-08-07 02:30:00 +0900,0,count
2026-08-07 02:30:00 +0900,2026-08-07 02:40:00 +0900,0,count
2026-08-07 02:40:00 +0900,2026-08-07 02:50:00 +0900,0,count
2026-08-07 02:50:00 +0900,2026-08-07 03:00:00 +0900,0,count
2026-08-07 03:00:00 +0900,2026-08-07 03:10:00 +0900,0,count
2026-08-07 03:10:00 +0900,2026-08-07 03:20:00 +0900,0,count
2026-08-07 03:20:00 +0900,2026-08-07 03:30:00 +0900,0,count
2026-08-07 03:30:00 +0900,2026-08-07 03:40:00 +0900,0,count
2026-08-07 03:40:00 +0900,2026-08-07 03:50:00 +0900,0,count
2026-08-07 03:50:00 +0900,2026-08-07 04:00:00 +0900,0,count
2026-08-07 04:00:00 +0900,2026-08-07 04:10:00 +0900,0,count
2026-08-07 04:10:00 +0900,2026-08-07 04:20:00 +0900,0,count
2026-08-07 04:20:00 +0900,2026-08-07 04:30:00 +0900,0,count
2026-08-07 04:30:00 +0900,2026-08-07 04:40:00 +0900,0,count
2026-08-07 04:40:00 +0900,2026-08-07 04:50:00 +0900,0,count
2026-08-07 04:50:00 +0900,2026-08-07 05:00:00 +0900,0,count
2026-08-07 05:00:00 +0900,2026-08-07 05:10:00 +0900,0,count
2026-08-07 05:10:00 +0900,2026-08-07 05:20:00 +0900,0,count
2026-08-07 05:20:00 +0900,2026-08-07 05:30:00 +0900,0,count
2026-08-07 05:30:00 +0900,2026-08-07 05:40:00 +0900,0,count
2026-08-07 05:40:00 +0900,2026-08-07 05:50:00 +0900,0,count
2026-08-07 05:50:00 +0900,2026-08-07 06:00:00 +0900,0,count
2026-08-07 06:00:00 +0900,2026-08-07 06:10:00 +0900,0,count
2026-08-07 06:10:00 +0900,2026-08-07 06:20:00 +0900,0,count
2026-08-07 06:20:00 +0900,2026-08-07 06:30:00 +0900,0,count
2026-08-07 06:30:00 +0900,2026-08-07 06:40:00 +0900,0,count
2026-08-07 06:40:00 +0900,2026-08-07 06:50:00 +0900,0,count
2026-08-07 06:50:00 +0900,2026-08-07 07:00:00 +0900,0,count
2026-08-07 07:00:00 +0900,2026-08-07 07:10:00 +0900,0,count
2026-08-07 07:10:00 +0900,2026-08-07 07:20:00 +0900,0,count
2026-08-07 07:20:00 +0900,2026-08-07 07:30:00 +0900,0,count
2026-08-07 07:30:00 +0900,2026-08-07 07:40:00 +0900,0,count
2026-08-07 07:40:00 +0900,2026-08-07 07:50:00 +0900,156,count
2026-08-07 07:50:00 +0900,2026-08-07 08:00:00 +0900,71,count
2026-08-07 08:00:00 +0900,2026-08-07 08:10:00 +0900,806,count
2026-08-07 08:10:00 +0900,2026-08-07 08:20:00 +0900,529,count
2026-08-07 08:20:00 +0900,2026-08-07 08:30:00 +0900,677,count
2026-08-07 08:30:00 +0900,2026-08-07 08:40:00 +0900,753,count
2026-08-07 08:40:00 +0900,2026-08-07 08:50:00 +0900,678,count
2026-08-07 08:50:00 +0900,2026-08-07 09:00:00 +0900,710,count
2026-08-07 09:00:00 +0900,2026-08-07 09:10:00 +0900,162,count
2026-08-07 09:10:00 +0900,2026-08-07 09:20:00 +0900,103,count
2026-08-07 09:20:00 +0900,2026-08-07 09:30:00 +0900,176,count
2026-08-07 09:30:00 +0900,2026-08-07 09:40:00 +0900,145,count
2026-08-07 09:40:00 +0900,2026-08-07 09:50:00 +0900,23,count
2026-08-07 09:50:00 +0900,2026-08-07 10:00:00 +0900,110,count
2026-08-07 10:00:00 +0900,2026-08-07 10:10:00 +0900,74,count
2026-08-07 10:10:00 +0900,2026-08-07 10:20:00 +0900,171,count
2026-08-07 10:20:00 +0900,2026-08-07 10:30:00 +0900,38,count
2026-08-07 10:30:00 +0900,2026-08-07 10:40:00 +0900,54,count
2026-08-07 10:40:00 +0900,2026-08-07 10:50:00 +0900,38,count
2026-08-07 10:50:00 +0900,2026-08-07 11:00:00 +0900,30,count
2026-08-07 11:00:00 +0900,2026-08-07 11:10:00 +0900,166,count
2026-08-07 11:10:00 +0900,2026-08-07 11:20:00 +0900,82,count
2026-08-07 11:20:00 +0900,2026-08-07 11:30:00 +0900,141,count
2026-08-07 11:30:00 +0900,2026-08-07 11:40:00 +0900,123,count
2026-08-07 11:40:00 +0900,2026-08-07 11:50:00 +0900,176,count
2026-08-07 11:50:00 +0900,2026-08-07 12:00:00 +0900,128,count
2026-08-07 12:00:00 +0900,2026-08-07 12:10:00 +0900,314,count
2026-08-07 12:10:00 +0900,2026-08-07 12:20:00 +0900,425,count
2026-08-07 12:20:00 +0900,2026-08-07 12:30:00 +0900,451,count
2026-08-07 12:30:00 +0900,2026-08-07 12:40:00 +0900,252,count
2026-08-07 12:40:00 +0900,2026-08-07 12:50:00 +0900,301,count
2026-08-07 12:50:00 +0900,2026-08-07 13:00:00 +0900,465,count
2026-08-07 13:00:00 +0900,2026-08-07 13:10:00 +0900,144,count
2026-08-07 13:10:00 +0900,2026-08-07 13:20:00 +0900,39,count
2026-08-07 13:20:00 +0900,2026-08-07 13:30:00 +0900,38,count
2026-08-07 13:30:00 +0900,2026-08-07 13:40:00 +0900,174,count
2026-08-07 13:40:00 +0900,2026-08-07 13:50:00 +0900,108,count
2026-08-07 13:50:00 +0900,2026-08-07 14:00:00 +0900,161,count
2026-08-07 14:00:00 +0900,2026-08-07 14:10:00 +0900,84,count
2026-08-07 14:10:00 +0900,2026-08-07 14:20:00 +0900,142,count
2026-08-07 14:20:00 +0900,2026-08-07 14:30:00 +0900,51,count
2026-08-07 14:30:00 +0900,2026-08-07 14:40:00 +0900,28,count
2026-08-07 14:40:00 +0900,2026-08-07 14:50:00 +0900,59,count
2026-08-07 14:50:00 +0900,2026-08-07 15:00:00 +0900,176,count
2026-08-07 15:00:00 +0900,2026-08-07 15:10:00 +0900,87,count
2026-08-07 15:10:00 +0900,2026-08-07 15:20:00 +0900,67,count
2026-08-07 15:20:00 +0900,2026-08-07 15:30:00 +0900,153,count
2026-08-07 15:30:00 +0900,2026-08-07 15:40:00 +0900,118,count
2026-08-07 15:40:00 +0900,2026-08-07 15:50:00 +0900,108,count
2026-08-07 15:50:00 +0900,2026-08-07 16:00:00 +0900,52,count
2026-08-07 16:00:00 +0900,2026-08-07 16:10:00 +0900,95,count
2026-08-07 16:10:00 +0900,2026-08-07 16:20:00 +0900,34,count
2026-08-07 16:20:00 +0900,2026-08-07 16:30:00 +0900,104,count
2026-08-07 16:30:00 +0900,2026-08-07 16:40:00 +0900,103,count
2026-08-07 16:40:00 +0900,2026-08-07 16:50:00 +0900,24,count
2026-08-07 16:50:00 +0900,2026-08-07 17:00:00 +0900,144,count
2026-08-07 17:00:00 +0900,2026-08-07 17:10:00 +0900,97,count
2026-08-07 17:10:00 +0900,2026-08-07 17:20:00 +0900,32,count
2026-08-07 17:20:00 +0900,2026-08-07 17:30:00 +0900,79,count
2026-08-07 17:30:00 +0900,2026-08-07 17:40:00 +0900,105,count
2026-08-07 17:40:00 +0900,2026-08-07 17:50:00 +0900,22,count
2026-08-07 17:50:00 +0900,2026-08-07 18:00:00 +0900,41,count
2026-08-07 18:00:00 +0900,2026-08-07 18:10:00 +0900,53,count
2026-08-07 18:10:00 +0900,2026-08-07 18:20:00 +0900,175,count
2026-08-07 18:20:00 +0900,2026-08-07 18:30:00 +0900,33,count
2026-08-07 18:30:00 +0900,2026-08-07 18:40:00 +0900,753,count
2026-08-07 18:40:00 +0900,2026-08-07 18:50:00 +0900,564,count
2026-08-07 18:50:00 +0900,2026-08-07 19:00:00 +0900,434,count
2026-08-07 19:00:00 +0900,2026-08-07 19:10:00 +0900,647,count
2026-08-07 19:10:00 +0900,2026-08-07 19:20:00 +0900,485,count
2026-08-07 19:20:00 +0900,2026-08-07 19:30:00 +0900,784,count
2026-08-07 19:30:00 +0900,2026-08-07 19:40:00 +0900,40,count
2026-08-07 19:40:00 +0900,2026-08-07 19:50:00 +0900,31,count
2026-08-07 19:50:00 +0900,2026-08-07 20:00:00 +0900,162,count
2026-08-07 20:00:00 +0900,2026-08-07 20:10:00 +0900,35,count
2026-08-07 20:10:00 +0900,2026-08-07 20:20:00 +0900,68,count
2026-08-07 20:20:00 +0900,2026-08-07 20:30:00 +0900,132,count
2026-08-07 20:30:00 +0900,2026-08-07 20:40:00 +0900,164,count
2026-08-07 20:40:00 +0900,2026-08-07 20:50:00 +0900,146,count
2026-08-07 20:50:00 +0900,2026-08-07 21:00:00 +0900,96,count
2026-08-07 21:00:00 +0900,2026-08-07 21:10:00 +0900,135,count
2026-08-07 21:10:00 +0900,2026-08-07 21:20:00 +0900,136,count
2026-08-07 21:20:00 +0900,2026-08-07 21:30:00 +0900,88,count
2026-08-07 21:30:00 +0900,2026-08-07 21:40:00 +0900,143,count
2026-08-07 21:40:00 +0900,2026-08-07 21:50:00 +0900,113,count
2026-08-07 21:50:00 +0900,2026-08-07 22:00:00 +0900,32,count
2026-08-07 22:00:00 +0900,2026-08-07 22:10:00 +0900,114,count
2026-08-07 22:10:00 +0900,2026-08-07 22:20:00 +0900,140,count
2026-08-07 22:20:00 +0900,2026-08-07 22:30:00 +0900,40,count
2026-08-07 22:30:00 +0900,2026-08-07 22:40:00 +0900,47,count
2026-08-07 22:40:00 +0900,2026-08-07 22:50:00 +0900,62,count
2026-08-07 22:50:00 +0900,2026-08-07 23:00:00 +0900,60,count
2026-08-07 23:00:00 +0900,2026-08-07 23:10:00 +0900,13,count
2026-08-07 23:10:00 +0900,2026-08-07 23:20:00 +0900,19,count
2026-08-07 23:20:00 +0900,2026-08-07 23:30:00 +0900,18,count
2026-08-07 23:30:00 +0900,2026-08-07 23:40:00 +0900,4,count
2026-08-07 23:40:00 +0900,2026-08-07 23:50:00 +0900,12,count
2026-08-07 23:50:00 +0900,2026-08-08 00:00:00 +0900,12,count
2026-08-08 00:00:00 +0900,2026-08-08 00:10:00 +0900,0,count
2026-08-08 00:10:00 +0900,2026-08-08 00:20:00 +0900,0,count
2026-08-08 00:20:00 +0900,2026-08-08 00:30:00 +0900,0,count
2026-08-08 00:30:00 +0900,2026-08-08 00:40:00 +0900,0,count
2026-08-08 00:40:00 +0900,2026-08-08 00:50:00 +0900,0,count
2026-08-08 00:50:00 +0900,2026-08-08 01:00:00 +0900,0,count
2026-08-08 01:00:00 +0900,2026-08-08 01:10:00 +0900,0,count
2026-08-08 01:10:00 +0900,2026-08-08 01:20:00 +0900,0,count
2026-08-08 01:20:00 +0900,2026-08-08 01:30:00 +0900,0,count
2026-08-08 01:30:00 +0900,2026-08-08 01:40:00 +0900,0,count
2026-08-08 01:40:00 +0900,2026-08-08 01:50:00 +0900,0,count
2026-08-08 01:50:00 +0900,2026-08-08 02:00:00 +0900,0,count
2026-08-08 02:00:00 +0900,2026-08-08 02:10:00 +0900,0,count
2026-08-08 02:10:00 +0900,2026-08-08 02:20:00 +0900,0,count
2026-08-08 02:20:00 +0900,2026-08-08 02:30:00 +0900,0,count
2026-08-08 02:30:00 +0900,2026-08-08 02:40:00 +0900,0,count
2026-08-08 02:40:00 +0900,2026-08-08 02:50:00 +0900,0,count
2026-08-08 02:50:00 +0900,2026-08-08 03:00:00 +0900,0,count
2026-08-08 03:00:00 +0900,2026-08-08 03:10:00 +0900,0,count
2026-08-08 03:10:00 +0900,2026-08-08 03:20:00 +0900,0,count
2026-08-08 03:20:00 +0900,2026-08-08 03:30:00 +0900,0,count
2026-08-08 03:30:00 +0900,2026-08-08 03:40:00 +0900,0,count
2026-08-08 03:40:00 +0900,2026-08-08 03:50:00 +0900,0,count
2026-08-08 03:50:00 +0900,2026-08-08 04:00:00 +0900,0,count
2026-08-08 04:00:00 +0900,2026-08-08 04:10:00 +0900,0,count
2026-08-08 04:10:00 +0900,2026-08-08 04:20:00 +0900,0,count
2026-08-08 04:20:00 +0900,2026-08-08 04:30:00 +0900,0,count
2026-08-08 04:30:00 +0900,2026-08-08 04:40:00 +0900,0,count
2026-08-08 04:40:00 +0900,2026-08-08 04:50:00 +0900,0,count
2026-08-08 04:50:00 +0900,2026-08-08 05:00:00 +0900,0,count
2026-08-08 05:00:00 +0900,2026-08-08 05:10:00 +0900,0,count
2026-08-08 05:10:00 +0900,2026-08-08 05:20:00 +0900,0,count
2026-08-08 05:20:00 +0900,2026-08-08 05:30:00 +0900,0,count
2026-08-08 05:30:00 +0900,2026-08-08 05:40:00 +0900,0,count
2026-08-08 05:40:00 +0900,2026-08-08 05:50:00 +0900,0,count
2026-08-08 05:50:00 +0900,2026-08-08 06:00:00 +0900,0,count
2026-08-08 06:00:00 +0900,2026-08-08 06:10:00 +0900,0,count
2026-08-08 06:10:00 +0900,2026-08-08 06:20:00 +0900,0,count
2026-08-08 06:20:00 +0900,2026-08-08 06:30:00 +0900,0,count
2026-08-08 06:30:00 +0900,2026-08-08 06:40:00 +0900,0,count
2026-08-08 06:40:00 +0900,2026-08-08 06:50:00 +0900,0,count
2026-08-08 06:50:00 +0900,2026-08-08 07:00:00 +0900,0,count
2026-08-08 07:00:00 +0900,2026-08-08 07:10:00 +0900,0,count
2026-08-08 07:10:00 +0900,2026-08-08 07:20:00 +0900,0,count
2026-08-08 07:20:00 +0900,2026-08-08 07:30:00 +0900,0,count
2026-08-08 07:30:00 +0900,2026-08-08 07:40:00 +0900,0,count
2026-08-08 07:40:00 +0900,2026-08-08 07:50:00 +0900,0,count
2026-08-08 07:50:00 +0900,2026-08-08 08:00:00 +0900,39,count
2026-08-08 08:00:00 +0900,2026-08-08 08:10:00 +0900,812,count
2026-08-08 08:10:00 +0900,2026-08-08 08:20:00 +0900,672,count
2026-08-08 08:20:00 +0900,2026-08-08 08:30:00 +0900,733,count
2026-08-08 08:30:00 +0900,2026-08-08 08:40:00 +0900,557,count
2026-08-08 08:40:00 +0900,2026-08-08 08:50:00 +0900,672,count
2026-08-08 08:50:00 +0900,2026-08-08 09:00:00 +0900,822,count
2026-08-08 09:00:00 +0900,2026-08-08 09:10:00 +0900,60,count
2026-08-08 09:10:00 +0900,2026-08-08 09:20:00 +0900,66,count
2026-08-08 09:20:00 +0900,2026-08-08 09:30:00 +0900,168,count
2026-08-08 09:30:00 +0900,2026-08-08 09:40:00 +0900,86,count
2026-08-08 09:40:00 +0900,2026-08-08 09:50:00 +0900,153,count
2026-08-08 09:50:00 +0900,2026-08-08 10:00:00 +0900,134,count
2026-08-08 10:00:00 +0900,2026-08-08 10:10:00 +0900,137,count
2026-08-08 10:10:00 +0900,2026-08-08 10:20:00 +0900,100,count
2026-08-08 10:20:00 +0900,2026-08-08 10:30:00 +0900,82,count
2026-08-08 10:30:00 +0900,2026-08-08 10:40:00 +0900,167,count
2026-08-08 10:40:00 +0900,2026-08-08 10:50:00 +0900,92,count
2026-08-08 10:50:00 +0900,2026-08-08 11:00:00 +0900,97,count
2026-08-08 11:00:00 +0900,2026-08-08 11:10:00 +0900,62,count
2026-08-08 11:10:00 +0900,2026-08-08 11:20:00 +0900,57,count
2026-08-08 11:20:00 +0900,2026-08-08 11:30:00 +0900,100,count
2026-08-08 11:30:00 +0900,2026-08-08 11:40:00 +0900,177,count
2026-08-08 11:40:00 +0900,2026-08-08 11:50:00 +0900,43,count
2026-08-08 11:50:00 +0900,2026-08-08 12:00:00 +0900,33,count
2026-08-08 12:00:00 +0900,2026-08-08 12:10:00 +0900,477,count
2026-08-08 12:10:00 +0900,2026-08-08 12:20:00 +0900,467,count
2026-08-08 12:20:00 +0900,2026-08-08 12:30:00 +0900,409,count
2026-08-08 12:30:00 +0900,2026-08-08 12:40:00 +0900,304,count
2026-08-08 12:40:00 +0900,2026-08-08 12:50:00 +0900,476,count
2026-08-08 12:50:00 +0900,2026-08-08 13:00:00 +0900,260,count
2026-08-08 13:00:00 +0900,2026-08-08 13:10:00 +0900,108,count
2026-08-08 13:10:00 +0900,2026-08-08 13:20:00 +0900,80,count
2026-08-08 13:20:00 +0900,2026-08-08 13:30:00 +0900,41,count
2026-08-08 13:30:00 +0900,2026-08-08 13:40:00 +0900,162,count
2026-08-08 13:40:00 +0900,2026-08-08 13:50:00 +0900,83,count
2026-08-08 13:50:00 +0900,2026-08-08 14:00:00 +0900,37,count
2026-08-08 14:00:00 +0900,2026-08-08 14:10:00 +0900,176,count
2026-08-08 14:10:00 +0900,2026-08-08 14:20:00 +0900,133,count
2026-08-08 14:20:00 +0900,2026-08-08 14:30:00 +0900,60,count
2026-08-08 14:30:00 +0900,2026-08-08 14:40:00 +0900,46,count
2026-08-08 14:40:00 +0900,2026-08-08 14:50:00 +0900,39,count
2026-08-08 14:50:00 +0900,2026-08-08 15:00:00 +0900,95,count
2026-08-08 15:00:00 +0900,2026-08-08 15:10:00 +0900,84,count
2026-08-08 15:10:00 +0900,2026-08-08 15:20:00 +0900,72,count
2026-08-08 15:20:00 +0900,2026-08-08 15:30:00 +0900,118,count
2026-08-08 15:30:00 +0900,2026-08-08 15:40:00 +0900,178,count
2026-08-08 15:40:00 +0900,2026-08-08 15:50:00 +0900,165,count
2026-08-08 15:50:00 +0900,2026-08-08 16:00:00 +0900,94,count
2026-08-08 16:00:00 +0900,2026-08-08 16:10:00 +0900,145,count
2026-08-08 16:10:00 +0900,2026-08-08 16:20:00 +0900,32,count
2026-08-08 16:20:00 +0900,2026-08-08 16:30:00 +0900,119,count
2026-08-08 16:30:00 +0900,2026-08-08 16:40:00 +0900,70,count
2026-08-08 16:40:00 +0900,2026-08-08 16:50:00 +0900,173,count
2026-08-08 16:50:00 +0900,2026-08-08 17:00:00 +0900,36,count
2026-08-08 17:00:00 +0900,2026-08-08 17:10:00 +0900,78,count
2026-08-08 17:10:00 +0900,2026-08-08 17:20:00 +0900,157,count
2026-08-08 17:20:00 +0900,2026-08-08 17:30:00 +0900,74,count
2026-08-08 17:30:00 +0900,2026-08-08 17:40:00 +0900,54,count
2026-08-08 17:40:00 +0900,2026-08-08 17:50:00 +0900,21,count
2026-08-08 17:50:00 +0900,2026-08-08 18:00:00 +0900,166,count
2026-08-08 18:00:00 +0900,2026-08-08 18:10:00 +0900,124,count
2026-08-08 18:10:00 +0900,2026-08-08 18:20:00 +0900,30,count
2026-08-08 18:20:00 +0900,2026-08-08 18:30:00 +0900,79,count
2026-08-08 18:30:00 +0900,2026-08-08 18:40:00 +0900,428,count
2026-08-08 18:40:00 +0900,2026-08-08 18:50:00 +0900,737,count
2026-08-08 18:50:00 +0900,2026-08-08 19:00:00 +0900,773,count
2026-08-08 19:00:00 +0900,2026-08-08 19:10:00 +0900,423,count
2026-08-08 19:10:00 +0900,2026-08-08 19:20:00 +0900,607,count
2026-08-08 19:20:00 +0900,2026-08-08 19:30:00 +0900,579,count
2026-08-08 19:30:00 +0900,2026-08-08 19:40:00 +0900,47,count
2026-08-08 19:40:00 +0900,2026-08-08 19:50:00 +0900,142,count
2026-08-08 19:50:00 +0900,2026-08-08 20:00:00 +0900,103,count
2026-08-08 20:00:00 +0900,2026-08-08 20:10:00 +0900,88,count
2026-08-08 20:10:00 +0900,2026-08-08 20:20:00 +0900,96,count
2026-08-08 20:20:00 +0900,2026-08-08 20:30:00 +0900,106,count
2026-08-08 20:30:00 +0900,2026-08-08 20:40:00 +0900,111,count
2026-08-08 20:40:00 +0900,2026-08-08 20:50:00 +0900,165,count
2026-08-08 20:50:00 +0900,2026-08-08 21:00:00 +0900,167,count
2026-08-08 21:00:00 +0900,2026-08-08 21:10:00 +0900,35,count
2026-08-08 21:10:00 +0900,2026-08-08 21:20:00 +0900,48,count
2026-08-08 21:20:00 +0900,2026-08-08 21:30:00 +0900,127,count
2026-08-08 21:30:00 +0900,2026-08-08 21:40:00 +0900,49,count
2026-08-08 21:40:00 +0900,2026-08-08 21:50:00 +0900,135,count
2026-08-08 21:50:00 +0900,2026-08-08 22:00:00 +0900,33,count
2026-08-08 22:00:00 +0900,2026-08-08 22:10:00 +0900,41,count
2026-08-08 22:10:00 +0900,2026-08-08 22:20:00 +0900,23,count
2026-08-08 22:20:00 +0900,2026-08-08 22:30:00 +0900,150,count
2026-08-08 22:30:00 +0900,2026-08-08 22:40:00 +0900,43,count
2026-08-08 22:40:00 +0900,2026-08-08 22:50:00 +0900,29,count
2026-08-08 22:50:00 +0900,2026-08-08 23:00:00 +0900,96,count
2026-08-08 23:00:00 +0900,2026-08-08 23:10:00 +0900,24,count
2026-08-08 23:10:00 +0900,2026-08-08 23:20:00 +0900,7,count
2026-08-08 23:20:00 +0900,2026-08-08 23:30:00 +0900,11,count
2026-08-08 23:30:00 +0900,2026-08-08 23:40:00 +0900,21,count
2026-08-08 23:40:00 +0900,2026-08-08 23:50:00 +0900,9,count
2026-08-08 23:50:00 +0900,2026-08-09 00:00:00 +0900,8,count
2026-08-09 00:00:00 +0900,2026-08-09 00:10:00 +0900,0,count
2026-08-09 00:10:00 +0900,2026-08-09 00:20:00 +0900,0,count
2026-08-09 00:20:00 +0900,2026-08-09 00:30:00 +0900,0,count
2026-08-09 00:30:00 +0900,2026-08-09 00:40:00 +0900,0,count
2026-08-09 00:40:00 +0900,2026-08-09 00:50:00 +0900,0,count
2026-08-09 00:50:00 +0900,2026-08-09 01:00:00 +0900,0,count
2026-08-09 01:00:00 +0900,2026-08-09 01:10:00 +0900,0,count
2026-08-09 01:10:00 +0900,2026-08-09 01:20:00 +0900,0,count
2026-08-09 01:20:00 +0900,2026-08-09 01:30:00 +0900,0,count
2026-08-09 01:30:00 +0900,2026-08-09 01:40:00 +0900,0,count
2026-08-09 01:40:00 +0900,2026-08-09 01:50:00 +0900,0,count
2026-08-09 01:50:00 +0900,2026-08-09 02:00:00 +0900,0,count
2026-08-09 02:00:00 +0900,2026-08-09 02:10:00 +0900,0,count
2026-08-09 02:10:00 +0900,2026-08-09 02:20:00 +0900,0,count
2026-08-09 02:20:00 +0900,2026-08-09 02:30:00 +0900,0,count
2026-08-09 02:30:00 +0900,2026-08-09 02:40:00 +0900,0,count
2026-08-09 02:40:00 +0900,2026-08-09 02:50:00 +0900,0,count
2026-08-09 02:50:00 +0900,2026-08-09 03:00:00 +0900,0,count
2026-08-09 03:00:00 +0900,2026-08-09 03:10:00 +0900,0,count
2026-08-09 03:10:00 +0900,2026-08-09 03:20:00 +0900,0,count
2026-08-09 03:20:00 +0900,2026-08-09 03:30:00 +0900,0,count
2026-08-09 03:30:00 +0900,2026-08-09 03:40:00 +0900,0,count
2026-08-09 03:40:00 +0900,2026-08-09 03:50:00 +0900,0,count
2026-08-09 03:50:00 +0900,2026-08-09 04:00:00 +0900,0,count
2026-08-09 04:00:00 +0900,2026-08-09 04:10:00 +0900,0,count
2026-08-09 04:10:00 +0900,2026-08-09 04:20:00 +0900,0,count
2026-08-09 04:20:00 +0900,2026-08-09 04:30:00 +0900,0,count
2026-08-09 04:30:00 +0900,2026-08-09 04:40:00 +0900,0,count
2026-08-09 04:40:00 +0900,2026-08-09 04:50:00 +0900,0,count
2026-08-09 04:50:00 +0900,2026-08-09 05:00:00 +0900,0,count
2026-08-09 05:00:00 +0900,2026-08-09 05:10:00 +0900,0,count
2026-08-09 05:10:00 +0900,2026-08-09 05:20:00 +0900,0,count
2026-08-09 05:20:00 +0900,2026-08-09 05:30:00 +0900,0,count
2026-08-09 05:30:00 +0900,2026-08-09 05:40:00 +0900,0,count
2026-08-09 05:40:00 +0900,2026-08-09 05:50:00 +0900,0,count
2026-08-09 05:50:00 +0900,2026-08-09 06:00:00 +0900,0,count
2026-08-09 06:00:00 +0900,2026-08-09 06:10:00 +0900,0,count
2026-08-09 06:10:00 +0900,2026-08-09 06:20:00 +0900,0,count
2026-08-09 06:20:00 +0900,2026-08-09 06:30:00 +0900,0,count
2026-08-09 06:30:00 +0900,2026-08-09 06:40:00 +0900,0,count
2026-08-09 06:40:00 +0900,2026-08-09 06:50:00 +0900,0,count
2026-08-09 06:50:00 +0900,2026-08-09 07:00:00 +0900,0,count
2026-08-09 07:00:00 +0900,2026-08-09 07:10:00 +0900,0,count
2026-08-09 07:10:00 +0900,2026-08-09 07:20:00 +0900,0,count
2026-08-09 07:20:00 +0900,2026-08-09 07:30:00 +0900,0,count
2026-08-09 07:30:00 +0900,2026-08-09 07:40:00 +0900,0,count
2026-08-09 07:40:00 +0900,2026-08-09 07:50:00 +0900,0,count
2026-08-09 07:50:00 +0900,2026-08-09 08:00:00 +0900,0,count
2026-08-09 08:00:00 +0900,2026-08-09 08:10:00 +0900,846,count
2026-08-09 08:10:00 +0900,2026-08-09 08:20:00 +0900,526,count
2026-08-09 08:20:00 +0900,2026-08-09 08:30:00 +0900,770,count
2026-08-09 08:30:00 +0900,2026-08-09 08:40:00 +0900,573,count
2026-08-09 08:40:00 +0900,2026-08-09 08:50:00 +0900,752,count
2026-08-09 08:50:00 +0900,2026-08-09 09:00:00 +0900,506,count
2026-08-09 09:00:00 +0900,2026-08-09 09:10:00 +0900,87,count
2026-08-09 09:10:00 +0900,2026-08-09 09:20:00 +0900,54,count
2026-08-09 09:20:00 +0900,2026-08-09 09:30:00 +0900,115,count
2026-08-09 09:30:00 +0900,2026-08-09 09:40:00 +0900,36,count
2026-08-09 09:40:00 +0900,2026-08-09 09:50:00 +0900,130,count
2026-08-09 09:50:00 +0900,2026-08-09 10:00:00 +0900,101,count
2026-08-09 10:00:00 +0900,2026-08-09 10:10:00 +0900,120,count
2026-08-09 10:10:00 +0900,2026-08-09 10:20:00 +0900,164,count
2026-08-09 10:20:00 +0900,2026-08-09 10:30:00 +0900,96,count
2026-08-09 10:30:00 +0900,2026-08-09 10:40:00 +0900,128,count
2026-08-09 10:40:00 +0900,2026-08-09 10:50:00 +0900,26,count
2026-08-09 10:50:00 +0900,2026-08-09 11:00:00 +0900,113,count
2026-08-09 11:00:00 +0900,2026-08-09 11:10:00 +0900,67,count
2026-08-09 11:10:00 +0900,2026-08-09 11:20:00 +0900,26,count
2026-08-09 11:20:00 +0900,2026-08-09 11:30:00 +0900,135,count
2026-08-09 11:30:00 +0900,2026-08-09 11:40:00 +0900,51,count
2026-08-09 11:40:00 +0900,2026-08-09 11:50:00 +0900,169,count
2026-08-09 11:50:00 +0900,2026-08-09 12:00:00 +0900,27,count
2026-08-09 12:00:00 +0900,2026-08-09 12:10:00 +0900,414,count
2026-08-09 12:10:00 +0900,2026-08-09 12:20:00 +0900,428,count
2026-08-09 12:20:00 +0900,2026-08-09 12:30:00 +0900,410,count
2026-08-09 12:30:00 +0900,2026-08-09 12:40:00 +0900,322,count
2026-08-09 12:40:00 +0900,2026-08-09 12:50:00 +0900,343,count
2026-08-09 12:50:00 +0900,2026-08-09 13:00:00 +0900,260,count
2026-08-09 13:00:00 +0900,2026-08-09 13:10:00 +0900,79,count
2026-08-09 13:10:00 +0900,2026-08-09 13:20:00 +0900,42,count
2026-08-09 13:20:00 +0900,2026-08-09 13:30:00 +0900,48,count
2026-08-09 13:30:00 +0900,2026-08-09 13:40:00 +0900,34,count
2026-08-09 13:40:00 +0900,2026-08-09 13:50:00 +0900,102,count
2026-08-09 13:50:00 +0900,2026-08-09 14:00:00 +0900,116,count
2026-08-09 14:00:00 +0900,2026-08-09 14:10:00 +0900,64,count
2026-08-09 14:10:00 +0900,2026-08-09 14:20:00 +0900,101,count
2026-08-09 14:20:00 +0900,2026-08-09 14:30:00 +0900,103,count
2026-08-09 14:30:00 +0900,2026-08-09 14:40:00 +0900,170,count
2026-08-09 14:40:00 +0900,2026-08-09 14:50:00 +0900,133,count
2026-08-09 14:50:00 +0900,2026-08-09 15:00:00 +0900,70,count
2026-08-09 15:00:00 +0900,2026-08-09 15:10:00 +0900,172,count
2026-08-09 15:10:00 +0900,2026-08-09 15:20:00 +0900,164,count
2026-08-09 15:20:00 +0900,2026-08-09 15:30:00 +0900,137,count
2026-08-09 15:30:00 +0900,2026-08-09 15:40:00 +0900,142,count
2026-08-09 15:40:00 +0900,2026-08-09 15:50:00 +0900,165,count
2026-08-09 15:50:00 +0900,2026-08-09 16:00:00 +0900,155,count
2026-08-09 16:00:00 +0900,2026-08-09 16:10:00 +0900,116,count
2026-08-09 16:10:00 +0900,2026-08-09 16:20:00 +0900,98,count
2026-08-09 16:20:00 +0900,2026-08-09 16:30:00 +0900,49,count
2026-08-09 16:30:00 +0900,2026-08-09 16:40:00 +0900,92,count
2026-08-09 16:40:00 +0900,2026-08-09 16:50:00 +0900,167,count
2026-08-09 16:50:00 +0900,2026-08-09 17:00:00 +0900,134,count
2026-08-09 17:00:00 +0900,2026-08-09 17:10:00 +0900,157,count
2026-08-09 17:10:00 +0900,2026-08-09 17:20:00 +0900,58,count
2026-08-09 17:20:00 +0900,2026-08-09 17:30:00 +0900,163,count
2026-08-09 17:30:00 +0900,2026-08-09 17:40:00 +0900,119,count
2026-08-09 17:40:00 +0900,2026-08-09 17:50:00 +0900,67,count
2026-08-09 17:50:00 +0900,2026-08-09 18:00:00 +0900,101,count
2026-08-09 18:00:00 +0900,2026-08-09 18:10:00 +0900,109,count
2026-08-09 18:10:00 +0900,2026-08-09 18:20:00 +0900,35,count
2026-08-09 18:20:00 +0900,2026-08-09 18:30:00 +0900,172,count
2026-08-09 18:30:00 +0900,2026-08-09 18:40:00 +0900,761,count
2026-08-09 18:40:00 +0900,2026-08-09 18:50:00 +0900,785,count
2026-08-09 18:50:00 +0900,2026-08-09 19:00:00 +0900,610,count
2026-08-09 19:00:00 +0900,2026-08-09 19:10:00 +0900,539,count
2026-08-09 19:10:00 +0900,2026-08-09 19:20:00 +0900,785,count
2026-08-09 19:20:00 +0900,2026-08-09 19:30:00 +0900,715,count
2026-08-09 19:30:00 +0900,2026-08-09 19:40:00 +0900,74,count
2026-08-09 19:40:00 +0900,2026-08-09 19:50:00 +0900,60,count
2026-08-09 19:50:00 +0900,2026-08-09 20:00:00 +0900,95,count
2026-08-09 20:00:00 +0900,2026-08-09 20:10:00 +0900,157,count
2026-08-09 20:10:00 +0900,2026-08-09 20:20:00 +0900,77,count
2026-08-09 20:20:00 +0900,2026-08-09 20:30:00 +0900,23,count
2026-08-09 20:30:00 +0900,2026-08-09 20:40:00 +0900,148,count
2026-08-09 20:40:00 +0900,2026-08-09 20:50:00 +0900,173,count
2026-08-09 20:50:00 +0900,2026-08-09 21:00:00 +0900,66,count
2026-08-09 21:00:00 +0900,2026-08-09 21:10:00 +0900,176,count
2026-08-09 21:10:00 +0900,2026-08-09 21:20:00 +0900,76,count
2026-08-09 21:20:00 +0900,2026-08-09 21:30:00 +0900,119,count
2026-08-09 21:30:00 +0900,2026-08-09 21:40:00 +0900,154,count
2026-08-09 21:40:00 +0900,2026-08-09 21:50:00 +0900,137,count
2026-08-09 21:50:00 +0900,2026-08-09 22:00:00 +0900,21,count
2026-08-09 22:00:00 +0900,2026-08-09 22:10:00 +0900,90,count
2026-08-09 22:10:00 +0900,2026-08-09 22:20:00 +0900,34,count
2026-08-09 22:20:00 +0900,2026-08-09 22:30:00 +0900,93,count
2026-08-09 22:30:00 +0900,2026-08-09 22:40:00 +0900,134,count
2026-08-09 22:40:00 +0900,2026-08-09 22:50:00 +0900,71,count
2026-08-09 22:50:00 +0900,2026-08-09 23:00:00 +0900,92,count
2026-08-09 23:00:00 +0900,2026-08-09 23:10:00 +0900,3,count
2026-08-09 23:10:00 +0900,2026-08-09 23:20:00 +0900,25,count
2026-08-09 23:20:00 +0900,2026-08-09 23:30:00 +0900,12,count
2026-08-09 23:30:00 +0900,2026-08-09 23:40:00 +0900,24,count
2026-08-09 23:40:00 +0900,2026-08-09 23:50:00 +0900,0,count
2026-08-09 23:50:00 +0900,2026-08-10 00:00:00 +0900,0,count
