time_s,Fp1,Cz,O1
0.000000,10.4135,38.2300,10.8924
0.007812,9.0611,37.9839,7.9550
0.015625,-0.8761,36.0476,4.5600
0.023438,-7.2251,32.8223,-1.2673
0.031250,-8.8967,30.7763,-12.2413
0.039062,-8.9907,25.8061,-23.0045
0.046875,2.0159,20.6364,-23.3037
0.054688,14.8327,18.5032,-14.4801
0.062500,16.6118,16.8768,-5.8769
0.070312,18.7231,18.0805,1.5927
0.078125,23.9835,19.6935,11.7736
0.085938,24.7206,13.6925,23.7783
0.093750,22.3772,6.0417,28.5185
0.101562,15.0320,4.5981,19.0814
0.109375,7.2299,4.0818,7.2645
0.117188,7.4426,1.7429,2.0670
0.125000,4.6157,0.0860,-7.7977
0.132812,-2.6821,-0.5502,-21.9159
0.140625,-0.2911,0.6504,-27.4318
0.148438,4.4371,0.6138,-26.3278
0.156250,4.7313,-3.6801,-22.2912
0.164062,10.2679,-6.1491,-15.7798
0.171875,16.2667,-4.2785,-9.3290
0.179688,16.1066,-3.0889,4.9558
0.187500,14.7777,-3.4132,23.2494
0.195312,9.4566,-4.6538,23.8608
0.203125,0.6670,-6.2661,11.4940
0.210938,-3.8245,-6.2120,3.7040
0.218750,-5.9961,-6.9789,-4.3581
0.226562,-5.9931,-8.2630,-14.7276
0.234375,-2.2069,-5.7206,-19.9672
0.242188,-1.6257,-4.4993,-19.2544
0.250000,-1.7878,-7.3474,-11.5226
0.257812,4.6888,-5.9017,-1.6358
0.265625,11.5477,-1.0542,4.9364
0.273438,14.3766,0.6233,15.2695
0.281250,16.6285,2.7510,22.7078
0.289062,18.2047,6.8146,14.4680
0.296875,16.5925,8.7031,4.8898
0.304688,6.9680,10.1835,2.5670
0.312500,-8.6280,14.3350,-4.9200
0.320312,-15.3961,20.6526,-14.1382
0.328125,-11.2409,27.4984,-18.4220
0.335938,-7.0529,32.0808,-24.5696
0.343750,-0.6528,34.4554,-25.8556
0.351562,8.2363,38.3930,-12.7418
0.359375,10.1902,45.1255,2.4792
0.367188,12.0701,52.2880,8.7167
0.375000,20.3870,56.9644,11.7406
0.382812,20.7451,58.7706,16.6420
0.390625,12.6157,60.0775,17.9751
0.398438,12.1816,61.9798,9.2566
0.406250,14.2636,65.1301,-5.9280
0.414062,7.9980,70.6747,-19.2845
0.421875,3.1788,76.2813,-27.3447
0.429688,4.8197,79.6366,-28.3575
0.437500,6.4415,82.4513,-23.9738
0.445312,11.1934,86.0660,-18.7280
0.453125,19.8003,89.9757,-7.8125
0.460938,24.9354,92.7413,9.9443
0.468750,29.6483,93.8329,17.6114
0.476562,34.0279,96.1168,10.8720
0.484375,29.9284,100.0275,6.6415
0.492188,25.9031,103.1251,4.7309
0.500000,26.8756,107.1732,-6.6181
0.507812,17.7264,111.6058,-19.4036
0.515625,5.2690,112.5778,-25.0482
0.523438,6.4934,113.4078,-28.9892
0.531250,6.7224,115.1841,-29.1281
0.539062,0.7339,111.7226,-20.5167
0.546875,6.6745,105.7874,-10.3139
0.554688,15.6351,104.1497,-3.0196
0.562500,14.8592,103.6718,5.0288
0.570312,17.6969,101.2969,11.6087
0.578125,21.6655,98.9276,9.8949
0.585938,15.2470,96.1112,0.4844
0.593750,8.6334,92.7575,-10.8205
0.601562,3.6155,91.4243,-23.2875
0.609375,-6.7459,92.4384,-34.8372
0.617188,-12.5583,92.0398,-36.0245
0.625000,-10.1602,86.7375,-27.8778
0.632812,-7.7837,79.9177,-19.5192
0.640625,-4.5951,77.1359,-7.5028
0.648438,1.1014,75.7945,6.4039
0.656250,8.5363,71.3628,9.7735
0.664062,18.7137,66.0823,9.2346
0.671875,26.3353,62.5165,13.3451
0.679688,28.0528,59.2822,11.2441
0.687500,26.5893,54.8111,1.2145
0.695312,18.7162,48.4089,-11.2544
0.703125,2.5502,40.2901,-28.3171
0.710938,-13.5015,32.4837,-39.7135
0.718750,-19.5202,27.4944,-35.4498
0.726562,-15.8712,25.4397,-25.5588
0.734375,-14.7020,23.8140,-16.1624
0.742188,-17.0735,20.7922,-5.6932
0.750000,-10.0759,16.7280,4.3067
0.757812,0.6322,13.5555,14.6834
0.765625,5.2928,12.8424,19.3872
0.773438,14.6642,12.2521,10.6324
0.781250,24.4049,9.9616,-3.8503
0.789062,18.1731,8.4878,-18.0278
0.796875,6.9317,5.5470,-31.9979
0.804688,2.1023,-1.9138,-37.7762
0.812500,-2.6877,-5.9051,-33.1215
0.820312,-6.0244,-3.5586,-24.2743
0.828125,-6.5621,-4.6357,-11.9755
0.835938,-7.0549,-9.2397,1.9589
0.843750,-2.1250,-10.2651,11.8836
0.851562,5.7323,-9.2736,15.5961
0.859375,10.0046,-6.9064,15.4664
0.867188,15.3925,-2.2091,14.2803
0.875000,20.7593,-0.3630,6.4775
0.882812,21.1628,-1.2956,-10.7716
0.890625,19.9385,-0.1110,-25.6041
0.898438,15.8588,1.5621,-34.1913
0.906250,7.2498,2.6072,-42.0864
0.914062,-0.4765,5.3016,-42.9379
0.921875,-5.2372,8.9618,-32.8929
0.929688,-6.1805,12.5350,-18.9068
0.937500,-4.1789,14.6474,-6.3639
0.945312,-3.1586,15.0873,1.5699
0.953125,1.3364,19.2062,9.6173
0.960938,11.7634,26.5976,17.0876
0.968750,20.2207,29.6348,6.8201
0.976562,23.7495,31.1264,-14.5352
0.984375,22.5879,36.9520,-25.0335
0.992188,18.8088,41.2595,-34.6732
1.000000,17.9351,41.8157,-47.3239
1.007812,13.1741,44.9392,-43.8545
1.015625,2.3517,49.1716,-31.3602
1.023438,1.5245,50.8022,-19.8318
1.031250,8.0786,54.1280,1.7829
1.039062,9.2088,60.7104,23.2310
1.046875,13.0017,66.3536,26.7764
1.054688,19.0812,69.0931,20.2850
1.062500,19.8628,69.4351,10.9456
1.070312,26.0241,70.6982,-3.1399
1.078125,35.0158,76.3008,-16.6615
1.085938,33.8138,82.5441,-23.7757
1.093750,30.6499,86.1152,-27.0872
1.101562,25.5506,90.7845,-30.3205
1.109375,8.8403,96.3490,-26.0069
1.117188,-4.5520,98.5529,-10.0888
1.125000,-4.4542,99.5736,1.9838
1.132812,-4.4289,101.9611,6.7705
1.140625,-6.9199,103.3580,15.9877
1.148438,-2.4522,103.5788,19.0052
1.156250,8.6886,103.5439,7.2068
1.164062,18.8369,102.5313,-5.4925
1.171875,23.1640,102.9817,-18.7730
1.179688,25.0552,106.2299,-34.1244
1.187500,25.6490,106.6562,-37.2021
1.195312,18.6267,102.1331,-30.9757
1.203125,7.5685,99.3645,-25.0347
1.210938,0.4713,100.0442,-13.3607
1.218750,-4.8578,97.9995,0.0110
1.226562,-6.9927,93.1481,6.4405
1.234375,-3.4600,89.4146,11.4402
1.242188,-0.2992,84.9286,13.6901
1.250000,5.0741,79.9537,5.6727
1.257812,16.6521,79.0582,-7.1496
1.265625,24.0143,80.3219,-17.7979
1.273438,23.8251,79.0567,-25.6592
1.281250,23.0095,74.8741,-27.4357
1.289062,21.0209,68.3134,-22.8731
1.296875,18.0788,61.1813,-19.6581
1.304688,15.9816,54.9980,-17.7421
1.312500,9.7255,48.3126,-8.4086
1.320312,0.6545,42.2686,4.4497
1.328125,-2.7094,38.1906,9.3733
1.335938,0.3074,33.9834,6.7647
1.343750,4.7781,30.8170,1.3812
1.351562,8.7314,28.8250,-4.5647
1.359375,14.6632,24.3649,-10.7631
1.367188,22.8999,19.9088,-22.2755
1.375000,25.9086,17.3927,-33.7620
1.382812,20.8748,13.4466,-31.1441
1.390625,14.0456,10.7776,-19.9201
1.398438,7.2271,9.6305,-10.1883
1.406250,2.0046,2.9735,1.9768
1.414062,1.6306,-4.8189,14.1204
1.421875,-0.4239,-5.5012,21.5292
1.429688,-6.4180,-3.9492,25.2266
1.437500,-7.4023,-4.5731,20.0973
1.445312,-3.9475,-5.7009,8.4474
1.453125,-0.5776,-8.7802,-1.2831
1.460938,5.3361,-13.7224,-11.6695
1.468750,10.3955,-17.7170,-19.5027
1.476562,11.7000,-21.3263,-20.4527
1.484375,14.8801,-25.0283,-22.5900
1.492188,17.8327,-26.7635,-20.0718
1.500000,15.3596,-26.2853,-2.9759
1.507812,10.4076,-26.3323,15.1016
1.515625,3.4504,-28.0681,22.6418
1.523438,-3.5060,-29.8043,23.0174
1.531250,-1.9211,-31.7904,18.6168
1.539062,5.0291,-32.7180,10.2378
1.546875,5.6743,-28.3762,-1.0266
1.554688,2.3861,-24.4786,-9.9131
1.562500,5.7629,-28.3544,-14.3361
1.570312,15.0944,-31.5787,-22.0513
1.578125,20.9821,-29.1068,-24.9283
1.585938,21.2339,-29.1549,-12.3563
1.593750,19.9401,-31.0128,-2.2315
1.601562,13.9502,-28.1624,1.1992
1.609375,0.8403,-22.0954,13.0236
1.617188,-7.7201,-14.8168,21.2491
1.625000,-4.1383,-8.5413,16.7012
1.632812,1.5363,-5.8368,10.5438
1.640625,2.8279,-3.7599,-1.3413
1.648438,6.9815,-1.4550,-18.9880
1.656250,16.3390,0.8199,-29.5559
1.664062,22.4261,6.6583,-33.3934
1.671875,22.0043,12.5997,-28.9626
1.679688,21.0043,15.3259,-15.7408
1.687500,21.2662,21.8663,-5.1647
1.695312,20.8263,31.1514,4.9018
1.703125,22.0962,35.4812,16.0918
1.710938,22.2890,39.4225,17.3309
1.718750,13.8364,47.3387,13.0614
1.726562,3.9005,53.8062,7.9224
1.734375,4.2077,56.3249,-3.0372
1.742188,9.5714,55.1250,-13.3072
1.750000,14.3456,50.2709,-22.6317
1.757812,22.7284,46.9133,-33.0102
1.765625,30.2284,48.9324,-31.2237
1.773438,30.0405,52.8271,-21.3419
1.781250,28.3021,54.9652,-15.5642
1.789062,26.8562,55.2996,-5.2824
1.796875,17.7075,54.6075,7.7929
1.804688,3.7485,55.0381,13.4182
1.812500,-3.5226,57.7905,15.7214
1.820312,-2.2147,58.6404,10.6249
1.828125,0.5035,56.2687,-5.0276
1.835938,0.7537,57.1225,-16.5911
1.843750,4.3914,59.6535,-20.3812
1.851562,14.7460,55.6372,-22.6480
1.859375,21.1838,50.4121,-22.3133
1.867188,19.7902,50.8634,-19.7080
1.875000,22.3317,49.9210,-12.9447
1.882812,28.6924,46.0859,-0.2371
1.890625,29.2922,45.5249,10.7616
1.898438,27.2506,44.5015,17.1698
1.906250,24.2218,39.7397,19.8448
1.914062,17.1821,36.5352,15.2038
1.921875,14.3845,35.6760,5.9852
1.929688,17.6189,33.2249,-5.7928
1.937500,15.0900,28.3144,-20.8327
1.945312,9.0094,23.6834,-28.1590
1.953125,13.7529,21.7718,-24.3946
1.960938,29.0361,19.0384,-20.9562
1.968750,39.0326,12.9979,-13.4891
1.976562,36.6038,8.7706,5.1093
1.984375,32.8703,6.4591,17.5924
1.992188,31.1768,1.8546,15.1097
2.000000,20.9550,-1.3367,14.9803
2.007812,7.6967,-1.3188,21.9047
2.015625,2.6186,-2.2792,20.5876
2.023438,-0.4010,-3.1601,8.0473
2.031250,-2.8134,-3.7693,-5.7004
2.039062,0.6184,-8.8215,-14.4500
2.046875,6.5004,-16.4449,-14.8988
2.054688,14.5645,-20.8783,-8.8013
2.062500,22.3036,-21.9476,-2.8622
2.070312,24.6716,-22.6999,3.7067
2.078125,30.1517,-25.5904,14.9646
2.085938,35.1741,-30.2544,26.3781
2.093750,26.2926,-34.1256,31.0193
2.101562,17.5655,-37.4089,27.2826
2.109375,16.3717,-41.1338,17.8021
2.117188,6.8015,-42.6394,5.1280
2.125000,-2.1745,-40.7897,-8.7965
2.132812,3.5776,-40.4170,-17.0135
2.140625,11.6729,-44.6112,-14.7828
2.148438,17.3286,-47.7784,-7.7320
2.156250,24.7055,-45.2967,-0.1402
2.164062,29.5527,-42.5639,6.7517
2.171875,31.6013,-42.7277,11.4582
2.179688,30.8801,-40.8587,18.8252
2.187500,28.1563,-38.6685,25.5550
2.195312,28.8393,-41.0946,19.4219
2.203125,27.7646,-42.2725,5.9068
2.210938,21.7803,-38.7818,-5.5090
2.218750,17.9285,-37.6132,-16.7207
2.226562,15.0221,-39.0976,-22.7763
2.234375,15.8607,-37.9339,-23.0346
2.242188,24.9283,-35.3868,-23.8295
2.250000,28.4883,-32.9952,-17.5917
2.257812,23.8881,-31.3467,-5.6738
2.265625,23.5756,-32.7873,0.3944
2.273438,23.6478,-32.5385,8.1526
2.281250,21.1284,-27.3310,16.8888
2.289062,21.1872,-26.1346,14.1172
2.296875,18.5102,-29.2046,10.5400
2.304688,12.6754,-25.2525,9.8700
2.312500,9.3735,-17.2662,-2.5944
2.320312,6.7478,-14.3084,-17.3412
2.328125,5.8327,-12.3647,-19.0464
2.335938,8.3030,-7.8447,-15.9433
2.343750,13.9256,-3.7839,-13.6262
2.351562,23.8157,-0.7569,-5.1409
2.359375,28.3411,0.6544,10.5587
2.367188,23.7329,0.7872,21.2179
2.375000,22.2851,2.3733,18.9346
2.382812,21.0768,3.3438,17.0935
2.390625,14.4457,2.3812,20.7588
2.398438,13.4737,3.9045,13.8547
2.406250,14.3633,8.1593,-0.5294
2.414062,7.2569,12.6483,-8.4154
2.421875,1.2278,18.1324,-14.8230
2.429688,-0.5947,23.0453,-18.8398
2.437500,-2.0979,25.5473,-12.9369
2.445312,-0.2111,27.8673,-4.9786
2.453125,1.1783,29.9536,0.5267
2.460938,-0.0974,30.6909,6.5901
2.468750,3.8454,33.3525,10.3892
2.476562,11.2340,38.5252,12.1499
2.484375,13.4213,40.6755,13.0378
2.492188,8.7381,38.3375,9.2640
2.500000,1.2488,36.8257,0.7194
2.507812,-3.3602,38.3001,-8.7536
2.515625,-6.2775,39.8657,-14.0507
2.523438,-11.3919,39.9700,-13.7724
2.531250,-13.5940,38.5951,-13.3414
2.539062,-9.5766,37.0809,-13.0810
2.546875,-4.2979,37.8535,-9.1373
2.554688,-0.4655,39.0122,-1.8445
2.562500,3.5103,38.4043,7.6977
2.570312,9.5186,38.4182,12.2311
2.578125,13.8420,38.1815,6.4796
2.585938,10.0297,36.8015,1.2598
2.593750,1.8459,37.1370,-0.3024
2.601562,-4.2537,34.4586,-7.5559
2.609375,-8.3425,27.0131,-16.7223
2.617188,-8.6372,26.0758,-21.4759
2.625000,-7.0761,29.7344,-22.5325
2.632812,-10.3197,25.0763,-16.7838
2.640625,-14.7308,18.5511,-6.3438
2.648438,-13.2579,19.7489,2.2291
2.656250,-5.7445,20.9359,7.3309
2.664062,3.7176,17.1640,7.1931
2.671875,7.3391,12.4155,5.4904
2.679688,5.1286,8.2006,6.3904
2.687500,4.7809,5.6416,4.5038
2.695312,3.1022,4.7457,1.2170
2.703125,-3.0532,2.0563,-1.0023
2.710938,-4.8900,-2.2867,-8.0148
2.718750,-0.3492,-4.7408,-12.4672
2.726562,2.3964,-6.0243,-8.2813
2.734375,-0.8141,-9.2739,-5.6059
2.742188,-2.8384,-12.7593,-1.7496
2.750000,6.3591,-14.0308,7.7939
2.757812,18.5162,-16.0559,11.3502
2.765625,20.0259,-18.8942,8.5479
2.773438,17.9448,-18.9448,5.5929
2.781250,17.7035,-18.5228,-0.3334
2.789062,13.2028,-18.9647,-7.5387
2.796875,7.6649,-19.0548,-15.0003
2.804688,2.0156,-23.4475,-20.2670
2.812500,-6.9024,-30.3998,-13.3390
2.820312,-10.2065,-31.9316,-1.4992
2.828125,-6.9218,-31.5266,0.4526
2.835938,-5.9553,-32.5695,-2.6036
2.843750,-3.7263,-31.3276,-1.9623
2.851562,1.6439,-30.0834,5.1530
2.859375,3.6007,-29.1699,12.3174
2.867188,3.6258,-26.4867,5.0886
2.875000,5.2409,-27.3195,-6.9707
2.882812,7.6231,-30.3305,-6.4787
2.890625,10.1127,-29.7162,-5.1629
2.898438,10.2368,-27.9974,-8.3214
2.906250,4.7549,-25.2631,-7.3435
2.914062,-6.4286,-23.4190,-8.6351
2.921875,-14.3120,-27.7796,-6.5091
2.929688,-7.4834,-29.9534,8.3775
2.937500,4.6030,-25.8359,16.9055
2.945312,6.5258,-24.9344,13.8696
2.953125,6.4028,-24.6696,11.9292
2.960938,11.5312,-21.0627,6.1873
2.968750,14.0702,-19.1183,2.0568
2.976562,16.7323,-14.6639,7.3636
2.984375,23.2513,-8.1582,3.6968
2.992188,21.9650,-7.3764,-6.5157
3.000000,10.6717,-5.4381,-4.5742
3.007812,2.6931,0.9435,-3.5535
3.015625,1.5188,4.9717,-8.6999
3.023438,0.5970,9.7758,-2.8806
3.031250,-0.1228,14.2931,8.4537
3.039062,0.3090,12.9532,14.1206
3.046875,-0.7081,12.6077,15.8435
3.054688,1.6312,14.7426,11.0580
3.062500,7.7477,15.1264,4.5204
3.070312,5.6687,17.4605,1.6108
3.078125,-0.5531,18.1676,-6.3198
3.085938,2.1674,13.6339,-14.4445
3.093750,5.9717,12.4213,-13.2038
3.101562,4.3634,14.4986,-11.9156
3.109375,2.0804,15.4414,-9.7340
3.117188,-3.4029,18.6273,0.7454
3.125000,-8.3585,20.7471,8.3724
3.132812,-8.8640,19.4653,10.5122
3.140625,-13.0315,20.5463,14.0016
3.148438,-13.9708,20.5316,11.3843
3.156250,-5.7109,16.9935,2.7419
3.164062,-3.2658,18.0518,-2.4558
3.171875,-4.0980,21.1331,-7.1958
3.179688,2.3533,17.7598,-12.1638
3.187500,6.1300,13.0410,-12.5362
3.195312,4.1820,13.7248,-9.8986
3.203125,-0.1762,16.1633,-3.7235
3.210938,-7.0203,16.4087,3.8881
3.218750,-7.8274,16.8226,7.2587
3.226562,-7.5933,18.3743,11.0548
3.234375,-14.6773,16.8687,16.3894
3.242188,-13.1578,12.4498,16.3325
3.250000,-1.8822,10.1572,12.8741
3.257812,4.3537,9.6696,8.0721
3.265625,8.8457,8.5657,0.8750
3.273438,10.6814,7.2184,-4.8946
3.281250,9.0836,5.0443,-9.1205
3.289062,13.7855,2.9589,-9.0609
3.296875,14.0971,1.9334,-1.0822
3.304688,5.2933,-0.5560,2.5672
3.312500,2.8679,-2.6678,-0.9412
3.320312,0.1517,-1.6582,2.5421
3.328125,-6.0262,-2.4249,8.3798
3.335938,-1.4747,-6.5159,6.6452
3.343750,2.7057,-9.7850,3.9011
3.351562,-1.9250,-11.9660,1.8888
3.359375,-2.7193,-11.3904,-1.5689
3.367188,-1.9247,-6.5898,-4.6375
3.375000,-1.0414,-4.8756,-7.4368
3.382812,2.8653,-9.5557,-5.3761
3.390625,-1.4942,-14.1085,-0.0820
3.398438,-9.5348,-16.0295,0.9024
3.406250,-9.2643,-16.7421,7.4618
3.414062,-9.7374,-16.8309,19.4043
3.421875,-12.5540,-18.6876,17.8339
3.429688,-12.3367,-19.8949,11.8339
3.437500,-13.0197,-15.9938,15.4794
3.445312,-10.3030,-13.0476,14.4477
3.453125,-4.6932,-14.9560,6.7348
3.460938,-4.9867,-15.0970,1.7519
3.468750,-3.5363,-15.5550,-5.0672
3.476562,1.1757,-22.2936,-8.7347
3.484375,-1.8089,-27.1702,-2.3955
3.492188,-3.2553,-24.9829,4.5885
3.500000,4.6473,-22.5809,10.2873
3.507812,6.4292,-20.8787,16.6694
3.515625,-1.1195,-17.7776,18.9889
3.523438,-3.4211,-16.5768,20.8363
3.531250,-1.2675,-16.5366,22.6828
3.539062,-4.2238,-15.2855,16.7373
3.546875,-5.4271,-14.8733,6.7423
3.554688,-0.1475,-15.3967,-1.1719
3.562500,-0.5494,-16.0387,-7.7615
3.570312,-5.4373,-17.0859,-10.9372
3.578125,-3.6359,-16.4342,-10.9072
3.585938,-3.0563,-13.7105,-9.0850
3.593750,-7.2682,-10.5280,-1.2912
3.601562,-8.1035,-6.9400,10.5933
3.609375,-11.1409,-5.4985,18.1523
3.617188,-16.2945,-7.1381,18.6253
3.625000,-15.7025,-5.7244,14.0466
3.632812,-17.1070,0.6253,7.9927
3.640625,-18.8922,5.5152,3.5550
3.648438,-12.2803,6.8834,-0.6843
3.656250,-7.7799,8.7128,-7.3553
3.664062,-6.6863,10.6289,-13.5952
3.671875,-1.7139,9.6674,-12.8251
3.679688,-2.1327,10.0026,-5.7850
3.687500,-7.7955,15.2079,0.3773
3.695312,-10.5075,18.7647,6.4322
3.703125,-12.7390,18.6611,12.9635
3.710938,-9.7938,21.5554,11.3009
3.718750,-2.8508,26.0003,4.8435
3.726562,-3.6735,28.3544,4.5063
3.734375,-3.4339,31.5927,3.9729
3.742188,4.3778,32.5083,-1.1585
3.750000,7.3420,28.6294,-2.8770
3.757812,7.7147,28.6985,-3.3429
3.765625,11.7708,33.9283,-4.2017
3.773438,11.5470,36.0817,1.2461
3.781250,6.0417,34.6933,6.2648
3.789062,1.6582,33.6653,6.1649
3.796875,1.1806,35.7408,11.1783
3.804688,1.7321,41.4570,16.8998
3.812500,-2.4531,43.9619,14.3333
3.820312,-4.7900,40.4118,13.6638
3.828125,0.9384,39.4276,14.7956
3.835938,4.1337,43.1412,6.2233
3.843750,4.5028,44.4831,-2.3901
3.851562,9.1051,44.0259,-2.7787
3.859375,9.0615,47.2817,-6.1936
3.867188,4.6414,52.1098,-10.5278
3.875000,6.5254,53.4444,-4.1506
3.882812,8.0813,52.8658,5.0017
3.890625,3.2066,53.7257,6.3460
3.898438,-1.5045,53.8948,5.2111
3.906250,-5.3281,50.9508,7.3832
3.914062,-10.9371,46.1597,8.7868
3.921875,-15.3058,41.5013,4.1373
3.929688,-14.7384,39.6298,-4.1094
3.937500,-11.1606,40.3084,-11.4360
3.945312,-8.9065,38.6207,-18.0979
3.953125,-4.4438,34.9118,-20.6253
3.960938,3.1644,33.8252,-15.3595
3.968750,3.4518,33.5377,-9.3557
3.976562,-2.2353,31.3046,-5.3263
3.984375,-3.3271,29.1351,1.2719
3.992188,-3.5133,26.8819,5.2846
4.000000,-5.7217,23.1192,3.2691
4.007812,-5.9544,19.5278,0.2635
4.015625,-9.4886,16.5402,-5.3861
4.023438,-17.6054,12.5943,-14.1081
4.031250,-21.6879,9.1105,-21.2012
4.039062,-21.1229,7.9306,-28.0353
4.046875,-18.9521,5.9545,-31.6737
4.054688,-14.2777,1.5656,-27.1950
4.062500,-9.5328,-0.9974,-21.3776
4.070312,-7.2021,-2.4640,-16.1507
4.078125,-4.9527,-6.7579,-7.3357
4.085938,-2.0509,-9.1125,-1.0422
4.093750,-1.6971,-8.3101,0.4855
4.101562,-5.1592,-11.5738,2.0085
4.109375,-10.2504,-15.1254,-1.3098
4.117188,-14.3580,-12.8324,-11.0768
4.125000,-13.2559,-12.5333,-16.5394
4.132812,-7.0283,-16.7768,-15.9613
4.140625,-4.9704,-18.7735,-19.4018
4.148438,-6.3092,-20.3078,-24.9247
4.156250,0.1377,-22.9371,-20.3929
4.164062,8.0004,-22.5071,-11.4389
4.171875,6.3672,-22.9914,-10.7326
4.179688,2.0356,-27.4462,-8.9952
4.187500,-1.3487,-28.1461,-1.1912
4.195312,-6.6762,-24.5010,-1.2835
4.203125,-9.8423,-25.4441,-5.3452
4.210938,-10.9251,-30.4940,-4.8734
4.218750,-12.3531,-32.7960,-13.3058
4.226562,-11.2083,-31.8012,-27.6560
4.234375,-8.6804,-28.1616,-29.3913
4.242188,-6.4000,-22.8182,-26.0671
4.250000,-4.5627,-20.7859,-28.2459
4.257812,-4.5487,-20.0570,-25.6992
4.265625,-0.2191,-14.4758,-14.2759
4.273438,7.3236,-9.3004,-4.7864
4.281250,5.5736,-7.4892,-5.1552
4.289062,-0.4538,-2.3616,-8.7975
4.296875,-4.4951,1.6740,-7.1213
4.304688,-16.0330,-1.2130,-8.2616
4.312500,-24.3962,-2.0289,-17.2113
4.320312,-16.0807,1.5493,-22.8350
4.328125,-10.8578,3.6135,-24.6461
4.335938,-15.3539,6.6487,-28.0524
4.343750,-9.9542,9.5249,-26.3298
4.351562,0.4326,8.5015,-17.6229
4.359375,1.7576,9.9278,-6.6645
4.367188,3.5715,14.3487,3.8096
4.375000,10.2940,15.3117,8.0607
4.382812,12.5029,16.1379,6.4955
4.390625,9.3187,20.3015,3.6087
4.398438,3.5522,24.1826,-2.7203
4.406250,-3.0399,25.6456,-8.9324
4.414062,-5.8315,24.3602,-11.0773
4.421875,-6.7551,24.3125,-14.8366
4.429688,-7.4184,30.5729,-18.0973
4.437500,-1.1989,36.8776,-15.5507
4.445312,5.9309,35.9683,-11.4922
4.453125,3.7302,32.8978,-7.1285
4.460938,3.3252,33.6591,-0.7874
4.468750,9.2842,37.5196,6.0019
4.476562,7.6313,41.4576,11.1815
4.484375,2.5706,43.8760,10.1219
4.492188,3.8455,47.0384,4.6451
4.500000,0.9057,51.1069,1.2521
4.507812,-7.8506,51.7965,-4.1475
4.515625,-11.7906,50.5986,-11.9718
4.523438,-12.1505,51.6359,-14.9178
4.531250,-10.3593,52.5659,-14.4335
4.539062,-5.5567,52.2875,-9.5343
4.546875,-4.5650,52.9094,1.3669
4.554688,-6.7826,53.4839,8.3633
4.562500,-4.3839,54.5338,10.9825
4.570312,0.0332,56.8986,14.3501
4.578125,-1.6146,57.2583,12.0422
4.585938,-7.9206,56.4169,4.4607
4.593750,-10.1656,56.5116,-4.7759
4.601562,-11.8098,53.2435,-18.1356
4.609375,-23.6103,48.3634,-25.8364
4.617188,-35.7854,48.1960,-22.8208
4.625000,-36.6518,47.8730,-21.3447
4.632812,-35.6216,44.5004,-19.1777
4.640625,-34.0142,43.5489,-8.1007
4.648438,-26.2531,40.5144,1.5421
4.656250,-20.1532,31.8785,4.6324
4.664062,-14.8622,27.1180,9.6337
4.671875,-8.8485,27.3276,15.5016
4.679688,-15.4739,27.2273,12.6863
4.687500,-27.7991,28.5314,0.0839
4.695312,-27.8662,27.5876,-14.0953
4.703125,-24.3843,21.9639,-23.5644
4.710938,-28.7622,18.3299,-27.3900
4.718750,-35.6457,13.5002,-27.6099
4.726562,-37.4939,4.7433,-26.4071
4.734375,-32.3880,1.7622,-17.4904
4.742188,-27.7840,2.2146,0.8166
4.750000,-25.3454,-0.6845,10.2146
4.757812,-16.1515,-0.3412,7.2043
4.765625,-6.1536,0.7744,9.9427
4.773438,-3.7323,-4.7563,12.5950
4.781250,-3.5084,-9.1101,2.0975
4.789062,-8.0636,-8.4267,-10.3611
4.796875,-17.1641,-8.6568,-18.4361
4.804688,-20.1381,-11.5157,-22.9916
4.812500,-21.3609,-16.9813,-22.0296
4.820312,-25.0199,-20.3892,-23.3899
4.828125,-24.9658,-17.9348,-21.3802
4.835938,-24.2704,-18.7098,-3.2320
4.843750,-21.8169,-24.4186,12.5828
4.851562,-14.8599,-25.4257,14.8320
4.859375,-11.9617,-25.1461,16.9786
4.867188,-8.7048,-28.5725,12.1671
4.875000,-2.0119,-29.0653,-4.1927
4.882812,-4.9317,-25.8068,-13.6755
4.890625,-9.3261,-23.1669,-16.3512
4.898438,-6.8381,-21.8302,-21.6846
4.906250,-14.1667,-22.5045,-24.0052
4.914062,-24.6245,-22.7653,-21.6896
4.921875,-21.8666,-20.5352,-15.3872
4.929688,-20.4153,-19.6029,-2.2469
4.937500,-23.3811,-19.6303,11.5576
4.945312,-17.3611,-17.5692,18.1935
4.953125,-10.0623,-15.7065,16.6385
4.960938,-7.6753,-14.6248,10.4605
4.968750,-4.9815,-12.1056,2.8897
4.976562,-5.0231,-8.2897,-10.3044
4.984375,-4.9673,-3.8857,-26.5744
4.992188,-0.9469,-0.3241,-32.6494
5.000000,-6.2922,2.0583,-30.0415
5.007812,-23.0530,5.3429,-27.2595
5.015625,-32.8206,8.2417,-20.8297
5.023438,-32.5318,9.2485,-10.5144
5.031250,-33.2708,11.2869,-0.3752
5.039062,-34.2297,14.5309,9.6961
5.046875,-33.0412,17.0773,15.4688
5.054688,-33.9523,20.4619,13.1763
5.062500,-31.9223,23.7462,3.5495
5.070312,-23.1797,23.2128,-13.4407
5.078125,-17.7946,21.0606,-29.9030
5.085938,-16.9308,22.6578,-34.9294
5.093750,-14.0750,27.5266,-30.8829
5.101562,-15.1394,31.7038,-24.1904
5.109375,-21.2123,34.6964,-13.8723
5.117188,-23.5844,36.6607,0.8963
5.125000,-23.8953,35.0133,14.6656
5.132812,-25.0590,30.5218,22.7355
5.140625,-24.9864,28.3042,26.8093
5.148438,-26.1404,30.2260,26.1813
5.156250,-26.8621,33.2485,18.3473
5.164062,-23.9751,33.4548,8.2182
5.171875,-22.3872,30.9815,-2.3137
5.179688,-23.2763,30.5208,-12.9659
5.187500,-24.6840,32.5676,-16.7400
5.195312,-27.7409,33.0622,-17.9236
5.203125,-29.8232,32.4667,-18.8289
5.210938,-30.8274,31.5966,-4.3888
5.218750,-33.4406,28.9375,15.5005
5.226562,-33.1782,28.4103,19.8812
5.234375,-29.4229,31.7355,22.7534
5.242188,-27.7680,32.5513,26.5532
5.250000,-26.3693,30.3627,14.9145
5.257812,-20.6224,29.5153,3.5199
5.265625,-11.2469,28.3464,-2.1952
5.273438,-3.5225,27.1412,-19.9430
5.281250,-3.1661,28.8187,-32.4359
5.289062,-8.5804,28.7632,-25.7245
5.296875,-14.5241,23.7168,-17.7493
5.304688,-18.9797,19.2712,-5.7094
5.312500,-23.2852,18.0274,13.2340
5.320312,-30.9849,15.7905,21.8870
5.328125,-35.5591,10.4151,26.2711
5.335938,-29.7034,5.2124,31.4697
5.343750,-27.2012,3.3832,23.2212
5.351562,-28.4198,1.2967,10.3189
5.359375,-13.1992,-4.8887,3.4952
5.367188,2.7121,-10.0298,-6.0673
5.375000,-1.3016,-11.1769,-12.8487
5.382812,-2.9294,-13.5139,-10.7596
5.390625,2.4815,-17.4412,-5.8192
5.398438,-3.9406,-21.2022,6.9681
5.406250,-11.7565,-27.1655,23.1674
5.414062,-15.0804,-32.5225,29.4171
5.421875,-24.0602,-35.7553,35.0504
5.429688,-29.2196,-42.3837,40.1556
5.437500,-27.9068,-48.7332,28.6871
5.445312,-26.9168,-48.8918,14.7449
5.453125,-17.1331,-49.6108,12.7512
5.460938,-4.5049,-53.8562,4.6475
5.468750,-2.7662,-57.2207,-11.4746
5.476562,-1.2148,-59.8345,-16.5842
5.484375,2.1605,-60.4898,-10.9712
5.492188,-1.6954,-59.9829,-1.9796
5.500000,-5.9419,-63.0856,10.5472
5.507812,-11.5583,-64.4248,22.5025
5.515625,-22.0145,-61.2321,29.1950
5.523438,-22.6817,-62.1635,28.5266
5.531250,-16.5720,-64.6867,20.5210
5.539062,-20.0101,-62.8533,9.8412
5.546875,-20.9347,-62.8731,-2.9420
5.554688,-7.4050,-64.0192,-16.5652
5.562500,4.3144,-61.2385,-22.3737
5.570312,5.0670,-59.6233,-21.7235
5.578125,4.6063,-60.0517,-18.9049
5.585938,5.6482,-58.4765,-6.9014
5.593750,3.0819,-55.6905,9.6947
5.601562,-2.7701,-51.2155,19.5501
5.609375,-10.8322,-46.3467,27.1699
5.617188,-21.4330,-43.7846,31.7491
5.625000,-27.9024,-39.8099,25.9177
5.632812,-24.9652,-34.6076,15.0363
5.640625,-20.6047,-31.5113,0.0740
5.648438,-20.7780,-26.8426,-17.9378
5.656250,-17.8094,-21.7770,-24.7931
5.664062,-6.6854,-20.7041,-23.4392
5.671875,4.3866,-18.6089,-26.0992
5.679688,4.6425,-14.2078,-22.9029
5.687500,-4.5898,-12.4523,-9.3916
5.695312,-10.1744,-10.9038,2.9113
5.703125,-8.7052,-7.1192,12.5837
5.710938,-12.6095,-3.6988,19.4220
5.718750,-22.9510,-0.4645,18.8387
5.726562,-25.5900,2.6276,13.2453
5.734375,-20.1991,4.1483,3.0037
5.742188,-16.4676,5.6297,-11.0340
5.750000,-10.4649,8.5711,-20.2541
5.757812,0.4441,12.9063,-21.6931
5.765625,5.2647,18.3504,-18.3831
5.773438,4.5555,22.9418,-12.4701
5.781250,7.3153,25.1855,-4.1155
5.789062,4.3230,27.2842,11.4826
5.796875,-9.1433,31.6851,29.3668
5.804688,-15.9738,36.0382,34.3351
5.812500,-14.9488,37.0505,27.8594
5.820312,-20.9538,37.4043,17.7468
5.828125,-28.6542,39.9808,2.6807
5.835938,-29.4244,40.9798,-9.4521
5.843750,-28.3755,38.1278,-14.4305
5.851562,-21.2827,35.7337,-22.3175
5.859375,-5.0125,36.9015,-25.7614
5.867188,6.3015,39.4440,-13.6642
5.875000,9.1512,40.1304,-0.6849
5.882812,12.2508,39.2913,5.1540
5.890625,11.7780,38.9127,14.0665
5.898438,4.9803,38.0659,24.5052
5.906250,-1.2712,35.6654,27.4252
5.914062,-10.1891,33.3541,20.5837
5.921875,-24.4423,32.8952,7.3258
5.929688,-30.8227,34.3256,-3.2119
5.937500,-25.7881,33.8972,-9.6118
5.945312,-22.2270,28.5690,-18.2998
5.953125,-20.5644,23.0007,-21.1797
5.960938,-13.0508,20.2263,-10.0656
5.968750,-5.0535,16.6409,4.6684
5.976562,-1.1999,12.2933,18.1227
5.984375,1.4624,8.5729,32.3795
5.992188,-1.7442,4.7638,38.7097
6.000000,-12.2888,2.5096,36.3676
6.007812,-18.9467,-0.7811,34.7789
6.015625,-19.6632,-8.0817,28.8592
6.023438,-22.8847,-13.5449,13.2226
6.031250,-27.2016,-16.7062,-2.1909
6.039062,-25.3048,-22.6506,-11.3456
6.046875,-17.2859,-27.9832,-14.2186
6.054688,-9.3383,-31.6226,-8.5854
6.062500,-4.7953,-37.0422,2.3652
6.070312,-0.7860,-41.9013,14.2211
6.078125,1.5969,-46.4531,25.5556
6.085938,-1.3775,-51.4967,31.0037
6.093750,-3.7466,-51.9596,30.7137
6.101562,-4.7268,-50.4807,32.4001
6.109375,-13.2704,-53.8858,32.5827
6.117188,-22.3404,-59.9279,21.3967
6.125000,-23.1333,-63.9833,2.7322
6.132812,-25.5321,-64.3134,-10.6894
6.140625,-28.0541,-64.0952,-15.0864
6.148438,-20.5073,-67.9972,-15.6874
6.156250,-12.9211,-70.1757,-11.5036
6.164062,-10.5309,-66.4428,1.0547
6.171875,-4.8337,-65.2934,13.0482
6.179688,-0.1229,-68.3684,19.0418
6.187500,-0.1574,-69.6299,25.3317
6.195312,-1.8738,-68.6994,24.6047
6.203125,-10.5486,-65.6580,8.8427
6.210938,-21.5188,-62.7277,-5.4159
6.218750,-24.5778,-63.6009,-9.1560
6.226562,-26.4811,-64.0460,-14.6499
6.234375,-26.8195,-62.0732,-22.6369
6.242188,-19.6316,-61.0354,-22.6466
6.250000,-17.1647,-59.4401,-13.6840
6.257812,-18.3065,-56.8229,-3.1176
6.265625,-9.3418,-54.8162,4.7823
6.273438,-3.2500,-53.2046,16.4362
6.281250,-8.3080,-51.9447,30.1086
6.289062,-8.7221,-45.1660,27.7678
6.296875,-7.3965,-32.7072,12.7669
6.304688,-15.7181,-28.2713,4.2014
6.312500,-23.9308,-28.8347,-3.8099
6.320312,-25.7083,-21.1768,-15.1483
6.328125,-26.5115,-14.9915,-15.5110
6.335938,-27.0121,-15.3931,-10.7510
6.343750,-25.2482,-10.1250,-11.0837
6.351562,-18.9140,-3.6433,-5.6885
6.359375,-9.5238,-3.7158,6.6733
6.367188,-5.8927,-1.9675,16.4823
6.375000,-9.5033,2.8957,21.9323
6.382812,-12.9480,6.6614,18.5315
6.390625,-13.9318,11.3241,6.8738
6.398438,-15.8366,15.0293,-2.3186
6.406250,-22.0707,17.7549,-8.1041
6.414062,-29.2025,23.5644,-13.8541
6.421875,-30.0702,28.3162,-19.2120
6.429688,-29.4515,29.0887,-25.6393
6.437500,-33.1786,30.4542,-25.1422
6.445312,-32.3935,31.6728,-11.3832
6.453125,-23.6149,29.4447,-0.3942
6.460938,-14.0394,26.8653,-0.1167
6.468750,-4.5408,27.2617,3.8377
6.476562,2.5438,28.8619,11.1178
6.484375,2.0068,29.3336,7.5581
6.492188,-1.0554,29.9769,-3.3731
6.500000,-4.4604,32.1266,-11.4965
6.507812,-14.2348,34.2940,-20.5724
6.515625,-25.2006,36.3295,-34.7002
6.523438,-28.1817,38.7147,-45.4028
6.531250,-27.4243,39.5606,-44.4130
6.539062,-27.3980,39.2229,-33.9896
6.546875,-23.6560,40.1090,-20.2187
6.554688,-16.7322,40.6398,-8.5509
6.562500,-12.5271,37.4639,-2.0199
6.570312,-9.8529,31.3828,1.8800
6.578125,-6.3907,26.4544,2.1230
6.585938,-6.8250,24.0888,-7.2093
6.593750,-11.7365,22.2098,-20.1373
6.601562,-16.2144,19.9508,-25.8661
6.609375,-22.8139,16.8731,-27.4054
6.617188,-33.7929,12.3635,-28.7447
6.625000,-39.2923,8.7700,-26.0982
6.632812,-33.7503,6.2390,-20.5449
6.640625,-26.9682,1.8967,-14.4130
6.648438,-24.7266,-2.1806,-5.2320
6.656250,-19.6583,-4.2165,5.5723
6.664062,-9.7663,-6.8039,12.5718
6.671875,-3.1175,-9.0776,11.4960
6.679688,-1.9520,-10.5073,3.2738
6.687500,-3.7522,-13.3199,-3.5820
6.695312,-9.5306,-14.6129,-6.5687
6.703125,-16.5356,-13.3677,-12.2340
6.710938,-20.5790,-14.7669,-18.1276
6.718750,-24.3440,-17.8735,-19.4720
6.726562,-27.3574,-18.6638,-20.4789
6.734375,-25.1217,-20.5690,-19.2187
6.742188,-20.9026,-26.1234,-12.6488
6.750000,-18.7703,-30.4147,-7.3209
6.757812,-15.8841,-31.6513,-2.0606
6.765625,-10.3951,-35.7085,3.0601
6.773438,-5.5100,-42.3075,-5.8474
6.781250,-5.5305,-42.5846,-22.6352
6.789062,-9.8209,-39.1242,-26.6990
6.796875,-14.5391,-42.1072,-25.9599
6.804688,-20.3903,-45.9851,-31.4712
6.812500,-27.5609,-43.9586,-30.3600
6.820312,-32.8454,-45.1949,-21.4829
6.828125,-36.1556,-50.8088,-15.3258
6.835938,-35.7583,-49.9929,-6.1584
6.843750,-31.0190,-45.5598,6.9058
6.851562,-26.5579,-45.5434,11.8622
6.859375,-18.2936,-45.8933,9.8271
6.867188,-5.7292,-44.4827,6.6220
6.875000,-2.4529,-45.0612,-1.5513
6.882812,-5.1076,-44.0974,-12.7006
6.890625,-5.1241,-39.4466,-20.3885
6.898438,-13.7639,-38.3040,-26.4749
6.906250,-24.1370,-40.4235,-31.1927
6.914062,-20.5722,-38.7754,-29.0958
6.921875,-20.4052,-36.8173,-20.0243
6.929688,-29.5908,-37.2019,-8.0570
6.937500,-28.5767,-32.9955,2.0513
6.945312,-21.4670,-26.5477,4.4252
6.953125,-17.7060,-25.1929,0.7703
6.960938,-13.6334,-23.8701,-1.8749
6.968750,-14.8299,-17.9187,-5.6499
6.976562,-17.3501,-11.4286,-13.1543
6.984375,-12.7677,-6.9797,-17.6461
6.992188,-15.0754,-4.4128,-19.7112
7.000000,-25.4504,-2.1550,-25.3529
7.007812,-28.7236,-0.4384,-26.7012
7.015625,-30.0444,-2.6349,-16.7779
7.023438,-33.6126,-4.3450,-5.7315
7.031250,-33.6858,-0.8540,-1.5541
7.039062,-34.0209,0.2344,0.2435
7.046875,-31.3983,-2.1007,3.1587
7.054688,-23.4268,0.3161,4.0021
7.062500,-22.5470,3.8228,-1.1326
7.070312,-24.2368,3.2028,-10.1667
7.078125,-18.3003,4.0976,-17.2680
7.085938,-16.7856,8.9737,-21.5075
7.093750,-20.9639,13.1196,-23.8619
7.101562,-19.8494,13.2818,-21.7480
7.109375,-20.7108,12.4198,-15.2440
7.117188,-26.7424,14.5871,-8.2862
7.125000,-28.8224,15.6220,-2.7814
7.132812,-29.2263,13.0552,2.0624
7.140625,-27.9722,12.2773,6.9127
7.148438,-18.6858,12.5753,8.0607
7.156250,-10.6337,12.8854,1.4888
7.164062,-12.0742,16.7408,-7.5039
7.171875,-14.2187,18.8365,-13.3191
7.179688,-13.7375,17.5520,-19.4935
7.187500,-15.3865,19.5036,-24.9811
7.195312,-17.2019,20.2982,-21.9529
7.203125,-17.7378,19.1361,-12.4234
7.210938,-19.2775,23.6786,-5.6685
7.218750,-20.4901,26.9879,-2.8572
7.226562,-21.0465,24.5799,1.2819
7.234375,-22.4433,23.9425,6.1809
7.242188,-22.7462,21.3762,6.1766
7.250000,-21.2668,14.7077,1.2622
7.257812,-18.4579,11.7877,-6.0118
7.265625,-11.6738,11.1094,-15.5279
7.273438,-3.1350,9.6844,-21.6608
7.281250,-2.2853,7.5958,-22.0801
7.289062,-12.5842,1.6933,-25.4252
7.296875,-24.2552,-2.9295,-27.6952
7.304688,-26.7109,-3.1357,-18.0770
7.312500,-25.2576,-5.8102,-7.8250
7.320312,-29.5991,-8.0707,-5.1322
7.328125,-32.7958,-7.1333,1.0403
7.335938,-28.3654,-9.6332,6.3142
7.343750,-25.3356,-13.4705,0.0911
7.351562,-24.9853,-16.9114,-7.7593
7.359375,-19.4784,-22.9366,-13.2683
7.367188,-12.0220,-25.3958,-22.3619
7.375000,-8.0778,-24.2538,-27.6393
7.382812,-8.2648,-26.1870,-25.7917
7.390625,-13.5906,-28.4090,-23.4700
7.398438,-18.3855,-30.9112,-17.2348
7.406250,-17.4117,-33.9652,-6.9989
7.414062,-16.8262,-32.2478,-3.1071
7.421875,-19.1268,-32.6028,-4.2128
7.429688,-19.2857,-39.4852,-2.6560
7.437500,-17.3333,-41.9381,-1.6015
7.445312,-15.1934,-37.8532,-7.1984
7.453125,-12.1691,-32.7419,-18.5893
7.460938,-8.5280,-31.0355,-27.8537
7.468750,-5.8792,-38.6503,-28.4454
7.476562,-5.8386,-46.6309,-23.9867
7.484375,-7.7295,-45.1434,-19.8143
7.492188,-10.3339,-44.8028,-16.0597
7.500000,-14.4469,-46.3470,-12.5859
7.507812,-18.5761,-41.7508,-6.6792
7.515625,-21.0541,-41.1070,1.9663
7.523438,-23.1230,-45.8722,3.8753
7.531250,-24.2418,-44.1821,-3.0244
7.539062,-25.2196,-40.8183,-9.8927
7.546875,-27.1744,-41.6592,-15.9454
7.554688,-25.1226,-41.1863,-21.1913
7.562500,-18.1820,-39.1253,-20.5936
7.570312,-11.5861,-36.7214,-19.6821
7.578125,-6.9197,-32.9505,-22.1161
7.585938,-5.7750,-29.7158,-18.7235
7.593750,-7.2837,-27.8686,-10.5499
7.601562,-8.4653,-27.6524,-4.8232
7.609375,-14.5741,-27.7143,1.9015
7.617188,-22.9633,-26.3300,6.7151
7.625000,-21.0323,-28.0974,3.4858
7.632812,-13.3986,-32.1361,-0.1375
7.640625,-8.6809,-31.3815,-3.1894
7.648438,-4.6866,-30.3521,-11.1440
7.656250,-5.1603,-32.1174,-13.7713
7.664062,-7.1707,-29.2548,-8.8318
7.671875,-1.0957,-24.0190,-9.2580
7.679688,3.3311,-21.5955,-9.4981
7.687500,1.1917,-16.8908,-0.7112
7.695312,3.2205,-10.3375,6.8322
7.703125,3.8556,-9.0394,10.2012
7.710938,-1.6310,-12.0221,11.5714
7.718750,-1.0906,-12.7603,3.6719
7.726562,4.0749,-9.5268,-6.8709
7.734375,3.2243,-6.5465,-10.2365
7.742188,-2.5655,-4.7596,-15.6410
7.750000,-6.7089,-1.1310,-21.4382
7.757812,-4.0736,1.6255,-16.9592
7.765625,-0.0322,1.5658,-12.4723
7.773438,-1.8734,2.3621,-13.3745
7.781250,-1.4227,2.7715,-9.9778
7.789062,1.9121,2.0004,-5.1316
7.796875,-1.1447,3.3400,-1.5031
7.804688,-1.8448,3.1532,4.0094
7.812500,2.3405,-0.5777,2.7815
7.820312,-0.9465,-2.5644,-3.4532
7.828125,-3.9512,-3.2936,-2.9762
7.835938,-0.7046,-4.8598,-5.8641
7.843750,-3.5343,-4.9244,-17.5733
7.851562,-5.4478,-3.9027,-20.7357
7.859375,2.4023,-2.5736,-14.4877
7.867188,4.1864,-0.9090,-12.4478
7.875000,0.1116,-0.2371,-12.9938
7.882812,5.9612,0.5606,-8.8973
7.890625,12.2681,0.4131,1.4941
7.898438,6.5254,-3.3866,11.8347
7.906250,-1.7920,-6.4649,10.0994
7.914062,-6.5730,-5.4549,0.1234
7.921875,-9.5400,-3.3080,-5.6159
7.929688,-6.3956,-1.5819,-11.0464
7.937500,0.1064,-1.0694,-18.5154
7.945312,0.3412,-2.2786,-20.6678
7.953125,-2.4292,-4.5242,-20.5089
7.960938,-2.6443,-9.0492,-18.8033
7.968750,-3.6154,-14.4836,-9.9143
7.976562,-2.5020,-16.6166,-3.1785
7.984375,1.8409,-15.2055,-5.3091
7.992188,-1.2532,-13.1376,-6.8185
8.000000,-10.2151,-13.9677,-5.4986
8.007812,-13.3359,-16.0147,-3.7265
8.015625,-12.5690,-13.7196,-1.8057
8.023438,-12.2751,-12.4316,-8.0179
8.031250,-12.2522,-17.6717,-18.9387
8.039062,-14.9332,-21.1147,-20.4255
8.046875,-15.4960,-20.5103,-19.4377
8.054688,-10.2127,-20.0692,-22.1856
8.062500,-6.5708,-17.6699,-18.8422
8.070312,-3.1888,-17.5613,-15.7960
8.078125,3.8728,-21.6845,-16.3876
8.085938,4.8898,-21.0135,-5.4792
8.093750,-2.2202,-18.7817,5.1076
8.101562,-9.8716,-20.9554,-1.3826
8.109375,-17.0655,-21.8074,-5.1395
8.117188,-20.2550,-23.0565,-1.5737
8.125000,-17.6064,-25.4070,-8.9738
8.132812,-16.7425,-23.1255,-17.2342
8.140625,-16.1780,-22.4814,-16.3102
8.148438,-10.5792,-23.4568,-17.3547
8.156250,-6.4413,-18.2930,-15.3584
8.164062,-4.9022,-16.8836,-5.3805
8.171875,0.0744,-21.5090,-0.5957
8.179688,3.5381,-19.7624,0.3535
8.187500,1.3833,-17.2750,5.3859
8.195312,2.0945,-20.4401,6.3981
8.203125,7.2267,-21.6113,-1.0774
8.210938,5.5417,-21.3574,-10.8565
8.218750,-3.9118,-22.3613,-17.9854
8.226562,-8.9210,-23.6965,-21.7446
8.234375,-7.4366,-28.1918,-26.1027
8.242188,-6.4413,-31.3493,-31.5266
8.250000,-5.0026,-28.6428,-31.9269
8.257812,-2.8606,-26.7950,-25.3705
8.265625,-4.6301,-28.1053,-15.7305
8.273438,-6.3966,-28.6969,-9.0691
8.281250,-4.5031,-26.0424,-6.8124
8.289062,-4.6499,-20.2141,-2.1912
8.296875,-7.7824,-17.7042,2.5609
8.304688,-11.4549,-19.1205,-1.9780
8.312500,-17.5644,-18.4386,-10.8371
8.320312,-22.2075,-19.5886,-17.4250
8.328125,-20.5559,-21.5090,-22.6455
8.335938,-18.5469,-16.5981,-20.7936
8.343750,-18.9014,-13.3329,-12.9496
8.351562,-15.7386,-15.7334,-10.3226
8.359375,-10.4808,-14.0850,-9.9099
8.367188,-7.8874,-11.6384,-4.7747
8.375000,-4.7230,-12.6249,-0.6629
8.382812,-1.9162,-10.7741,-0.5476
8.390625,-6.5254,-7.3628,-1.2019
8.398438,-14.2109,-5.4955,-4.3992
8.406250,-17.0135,-4.7249,-12.4580
8.414062,-19.2204,-5.0842,-19.2015
8.421875,-23.8698,-1.3779,-18.8276
8.429688,-26.2586,3.7243,-18.0209
8.437500,-24.2759,2.3763,-19.4709
8.445312,-15.4264,3.3670,-14.7365
8.453125,-1.8219,9.0631,-9.6808
8.460938,3.9208,8.4436,-12.4509
8.468750,1.3085,8.5053,-12.1615
8.476562,2.1582,14.8298,-8.1374
8.484375,4.3303,15.2304,-8.0532
8.492188,2.4560,11.9111,-6.3949
8.500000,1.6925,13.5413,-9.1579
8.507812,2.0810,14.0401,-21.8351
8.515625,1.1633,11.9032,-27.5447
8.523438,1.5935,11.3574,-27.1697
8.531250,1.0097,10.2730,-31.2505
8.539062,-2.3226,8.4880,-26.9046
8.546875,-3.2797,7.6746,-14.7529
8.554688,-1.4374,7.3835,-9.7007
8.562500,-1.1030,8.0981,-7.5674
8.570312,-3.6849,8.9186,-6.0190
8.578125,-5.7936,9.4451,-7.7466
8.585938,-2.4166,9.9371,-8.8691
8.593750,1.2309,7.4495,-14.4831
8.601562,-3.5517,3.4743,-23.8509
8.609375,-9.5713,2.8025,-26.1960
8.617188,-9.3693,2.8763,-25.7156
8.625000,-10.1058,1.3778,-25.9808
8.632812,-13.1477,1.3340,-22.7293
8.640625,-12.6718,1.4480,-18.8135
8.648438,-10.8999,-1.2923,-12.5824
8.656250,-8.4193,-4.2193,-4.6403
8.664062,-0.8915,-5.5581,-3.0558
8.671875,7.5824,-8.6446,-4.0933
8.679688,8.9197,-13.5756,-7.9329
8.687500,3.5051,-15.1387,-18.4110
8.695312,-1.7735,-13.6587,-22.3679
8.703125,-3.8360,-14.8814,-20.8823
8.710938,-6.6643,-17.8631,-26.9667
8.718750,-11.2618,-17.8677,-30.3138
8.726562,-12.2984,-15.9409,-25.8677
8.734375,-8.6124,-16.0066,-20.5970
8.742188,-3.4171,-20.0043,-9.5243
8.750000,1.5188,-25.9662,1.1933
8.757812,3.5997,-30.0258,1.5984
8.765625,3.0601,-32.2787,1.1782
8.773438,4.3448,-33.4591,1.5252
8.781250,4.9582,-32.7634,-2.8160
8.789062,0.5409,-33.6358,-7.9824
8.796875,-1.6155,-37.0456,-12.8282
8.804688,2.3046,-38.1261,-13.7821
8.812500,2.3370,-38.3891,-11.7241
8.820312,-0.7973,-41.6500,-15.4928
8.828125,4.1297,-44.4473,-13.2105
8.835938,9.0157,-45.1382,1.9566
8.843750,3.5407,-46.2464,10.5578
8.851562,2.2571,-47.6756,12.7477
8.859375,11.1206,-48.5636,16.0507
8.867188,14.6434,-48.4491,9.6633
8.875000,13.6962,-47.7310,0.8863
8.882812,15.7776,-48.3615,-1.0524
8.890625,11.3959,-48.9846,-7.3034
8.898438,3.1836,-47.7363,-12.8282
8.906250,4.7186,-46.9011,-10.4713
8.914062,8.5960,-45.9932,-8.7597
8.921875,5.5931,-43.1222,-2.5748
8.929688,1.3298,-41.5726,8.9921
8.937500,-2.0816,-41.1119,12.2617
8.945312,-4.2403,-36.5925,10.8652
8.953125,-3.4584,-30.4784,10.6091
8.960938,-2.7090,-27.9231,6.5469
8.968750,0.4558,-26.0423,1.5126
8.976562,7.6950,-22.9071,-4.9118
8.984375,11.2952,-21.3332,-15.3532
8.992188,11.2645,-19.6929,-21.0865
9.000000,10.7675,-17.0950,-21.6879
9.007812,6.4577,-17.6294,-23.9151
9.015625,2.6720,-19.0410,-21.8935
9.023438,0.9714,-17.1322,-10.8446
9.031250,-4.7857,-15.4326,0.2764
9.039062,-6.1898,-14.0788,2.2311
9.046875,-0.7199,-9.7497,-0.7501
9.054688,-3.0963,-5.9703,0.0001
9.062500,-5.8658,-4.0478,-1.5863
9.070312,3.1002,-1.4253,-12.3253
9.078125,6.6180,-0.4790,-22.5179
9.085938,0.4299,-1.2402,-27.7195
9.093750,1.1607,-0.7326,-32.9314
9.101562,2.6309,0.4261,-33.7970
9.109375,-6.1244,3.5058,-26.0157
9.117188,-15.6633,8.1308,-13.3918
9.125000,-19.3927,9.4831,0.2512
9.132812,-18.4287,9.3804,10.1319
9.140625,-14.1247,10.8444,13.0311
9.148438,-11.0840,11.4393,10.7964
9.156250,-8.3068,12.9540,5.9144
9.164062,-2.6718,17.1009,-0.6300
9.171875,1.2899,20.3147,-9.5811
9.179688,3.5795,21.9607,-16.8582
9.187500,6.2926,21.8145,-16.8747
9.195312,4.0585,19.7835,-17.2614
9.203125,-0.6985,20.6747,-19.7961
9.210938,-0.7242,24.4434,-10.4648
9.218750,-1.2187,26.0393,3.8525
9.226562,-6.0611,25.9238,5.8249
9.234375,-9.4189,26.0794,6.3019
9.242188,-10.1154,27.5725,13.5371
9.250000,-9.1132,32.3106,11.1800
9.257812,-3.5747,37.6296,-3.8027
9.265625,3.3533,38.5390,-14.7046
9.273438,4.2613,34.6130,-15.7848
9.281250,0.0253,29.8469,-15.7954
9.289062,-2.9872,27.9311,-17.1879
9.296875,-4.0975,26.5567,-13.3183
9.304688,-5.9889,23.0160,-6.4817
9.312500,-7.0703,19.7690,-1.8846
9.320312,-5.9045,15.2030,5.4284
9.328125,-4.0628,6.9774,11.6287
9.335938,-2.0688,-0.0060,8.1851
9.343750,-2.2813,-5.1502,3.1169
9.351562,-3.7698,-10.4374,-1.6037
9.359375,2.0355,-11.2558,-13.9996
9.367188,9.6075,-8.1882,-25.5768
9.375000,4.2452,-7.1079,-27.9758
9.382812,-2.7876,-9.0836,-26.7245
9.390625,3.3546,-14.0747,-24.0134
9.398438,7.8850,-19.1062,-19.2685
9.406250,2.0508,-21.4243,-10.1108
9.414062,-1.3012,-26.3620,4.1912
9.421875,-0.2735,-33.1537,11.7078
9.429688,0.5863,-35.3490,9.0131
9.437500,3.9408,-37.2352,6.4978
9.445312,6.9974,-40.5919,2.5267
9.453125,7.4566,-39.6230,-5.2469
9.460938,9.6944,-37.5188,-11.5384
9.468750,11.9295,-38.3973,-18.4313
9.476562,9.7947,-39.5706,-21.6093
9.484375,5.3474,-40.7238,-14.3486
9.492188,4.0124,-41.8615,-6.2672
9.500000,8.1791,-43.1521,0.1892
9.507812,9.9996,-45.8162,10.7773
9.515625,3.2989,-46.6957,18.4846
9.523438,-2.6778,-46.3524,21.2147
9.531250,-2.7374,-47.8737,19.8645
9.539062,-3.1232,-46.2723,6.6812
9.546875,-2.7441,-42.5949,-8.4820
9.554688,2.3358,-43.8534,-11.5594
9.562500,8.8461,-44.2655,-14.1470
9.570312,11.6365,-40.5456,-21.4009
9.578125,7.4383,-40.6769,-21.9406
9.585938,2.4083,-42.3303,-17.4476
9.593750,3.1629,-39.2905,-10.9446
9.601562,-0.1484,-36.1753,1.4283
9.609375,-10.4110,-35.8881,10.9503
9.617188,-13.8890,-36.2709,10.0656
9.625000,-10.6928,-35.0175,6.1763
9.632812,-7.5673,-28.4814,2.7103
9.640625,-2.3477,-20.0188,-3.9792
9.648438,-0.3679,-16.2393,-15.1164
9.656250,-2.1631,-12.7617,-28.6513
9.664062,4.2749,-6.9754,-34.6584
9.671875,13.9482,-5.4816,-26.8270
9.679688,14.9676,-5.8091,-16.4332
9.687500,12.4500,-2.1905,-8.6142
9.695312,10.0784,0.0212,4.2786
9.703125,5.5536,-0.1380,14.1516
9.710938,1.9081,2.7588,12.4661
9.718750,-1.0073,5.6749,12.3715
9.726562,-5.5102,7.5748,15.4121
9.734375,-7.7141,12.0691,7.3966
9.742188,-3.6023,14.1286,-7.5170
9.750000,4.9254,14.0636,-19.4138
9.757812,11.9677,20.5603,-29.1216
9.765625,16.2454,27.7246,-32.2642
9.773438,20.5393,27.9003,-25.0401
9.781250,20.7305,28.1354,-13.3174
9.789062,15.2495,29.6863,-0.1187
9.796875,11.1505,29.2767,13.4732
9.804688,7.3210,31.8018,21.7353
9.812500,0.3172,35.3833,19.9616
9.820312,-5.3175,36.0543,11.2605
9.828125,-9.7824,39.9754,4.3684
9.835938,-13.1919,45.2089,-2.0174
9.843750,-11.3532,44.6484,-15.0381
9.851562,-8.1807,43.8495,-24.8209
9.859375,-4.7905,45.6779,-22.1158
9.867188,3.3850,44.8979,-16.5885
9.875000,10.9098,43.9633,-10.4824
9.882812,13.4115,46.5116,1.4247
9.890625,11.7418,49.3653,12.8902
9.898438,3.3135,50.0715,20.8128
9.906250,-5.6309,48.2445,26.0486
9.914062,-9.0953,45.6721,23.1566
9.921875,-13.9820,45.2241,12.9084
9.929688,-17.5479,44.4595,0.0427
9.937500,-14.3960,41.2491,-12.1594
9.945312,-13.1107,39.5909,-14.8244
9.953125,-11.2895,39.3766,-7.9042
9.960938,-2.0501,34.9613,-2.4362
9.968750,2.6117,27.1651,1.9988
9.976562,-2.0002,21.5911,11.7394
9.984375,-6.1743,17.7825,23.8666
9.992188,-9.3228,12.0166,30.8369
10.000000,-13.1255,5.4139,27.9106
10.007812,-16.1184,0.5642,19.7933
10.015625,-19.0723,-3.0885,13.1777
10.023438,-18.2432,-6.2783,3.4336
10.031250,-14.0709,-9.2742,-12.9953
10.039062,-13.8114,-12.7470,-27.8523
10.046875,-12.7469,-16.2242,-31.9521
10.054688,-5.9487,-20.2439,-24.7529
10.062500,-2.7419,-26.0355,-15.3558
10.070312,-3.9263,-31.0800,-8.0082
10.078125,-1.5674,-33.5397,4.5058
10.085938,0.0400,-36.7878,18.6210
10.093750,-1.8173,-42.3410,22.5624
10.101562,-0.6387,-46.7799,18.4244
10.109375,-1.3613,-48.8105,9.5060
10.117188,-10.7922,-51.6236,-6.3798
10.125000,-17.9800,-56.7100,-24.3992
10.132812,-14.8775,-60.9270,-39.0868
10.140625,-8.5286,-63.0110,-45.6185
10.148438,-2.4044,-66.6418,-39.4734
10.156250,4.2804,-72.2928,-26.6375
10.164062,9.1966,-75.6914,-12.0538
10.171875,12.3070,-76.6540,3.5027
10.179688,12.2917,-77.4331,12.4641
10.187500,8.3662,-76.1299,16.8841
10.195312,6.8521,-72.9721,22.0242
10.203125,6.4616,-72.4522,15.0988
10.210938,0.1862,-73.1081,-3.3287
10.218750,-5.9499,-70.6984,-14.2751
10.226562,-7.7761,-67.7611,-21.3410
10.234375,-10.7301,-65.3616,-32.6142
10.242188,-10.0164,-61.4282,-33.7505
10.250000,-1.0444,-61.0810,-20.4366
10.257812,6.4131,-65.4090,-6.5738
10.265625,8.1664,-65.1860,4.2460
10.273438,10.7671,-61.6289,16.5361
10.281250,14.7807,-62.3740,25.8358
10.289062,13.9574,-61.8418,24.4112
10.296875,7.9402,-56.1277,14.1834
10.304688,3.8111,-52.6402,1.5515
10.312500,0.5109,-52.0029,-12.7895
10.320312,-8.5296,-48.7476,-27.3959
10.328125,-15.5325,-44.0516,-36.5584
10.335938,-13.5068,-40.7963,-37.6752
10.343750,-10.6505,-36.7499,-30.8236
10.351562,-7.5072,-29.8725,-18.5267
10.359375,-0.4022,-25.1098,-5.5949
10.367188,4.8157,-25.1202,6.2949
10.375000,10.2042,-21.0429,13.8327
10.382812,16.6945,-10.6204,12.6992
10.390625,12.5008,-3.3208,6.7442
10.398438,1.2539,2.1956,-1.3322
10.406250,-4.1060,10.0286,-13.6985
10.414062,-6.8224,12.7486,-25.6594
10.421875,-10.8566,11.4161,-30.1963
10.429688,-14.4003,14.3927,-25.5068
10.437500,-15.5127,19.8820,-15.8819
10.445312,-8.3335,25.4530,-9.8509
10.453125,0.3695,29.6287,-4.3848
10.460938,-2.1739,29.1787,8.7125
10.468750,-4.0286,29.7065,18.9025
10.476562,5.3305,33.2107,17.7106
10.484375,10.0087,32.1832,15.4307
10.492188,3.9801,30.4375,12.1524
10.500000,0.2991,33.3337,-1.6113
10.507812,0.5274,33.6086,-19.8115
10.515625,-3.9869,31.4207,-30.2380
10.523438,-12.2347,33.3292,-30.5078
10.531250,-15.2775,34.7041,-25.8936
10.539062,-11.5119,30.9735,-19.4797
10.546875,-6.8317,27.0692,-7.6791
10.554688,-1.0363,26.1665,7.3912
10.562500,6.3300,24.7149,17.0627
10.570312,6.7595,20.2985,20.5016
10.578125,-0.4801,16.6153,18.7128
10.585938,-4.2165,15.8303,9.8796
10.593750,-2.0642,14.4893,-2.0080
10.601562,-3.2102,10.9334,-12.3137
10.609375,-11.3982,5.8092,-18.9310
10.617188,-17.9873,0.8286,-20.5694
10.625000,-16.7491,-0.7315,-18.6959
10.632812,-15.2413,-1.6701,-9.3502
10.640625,-17.5973,-5.5568,8.3727
10.648438,-16.4639,-7.7372,20.5551
10.656250,-10.4959,-7.9558,24.3944
10.664062,-2.9201,-10.1735,28.4744
10.671875,5.9234,-12.1304,25.7677
10.679688,10.1551,-15.4459,14.9538
10.687500,5.4692,-22.2586,7.9355
10.695312,-4.1690,-26.4234,-0.4999
10.703125,-15.8113,-29.8471,-14.8361
10.710938,-24.1792,-38.0191,-20.8240
10.718750,-25.5824,-43.8282,-13.7441
10.726562,-27.9399,-44.1439,-0.6063
10.734375,-30.9528,-44.8117,12.3178
10.742188,-23.0224,-46.3773,18.4130
10.750000,-9.9083,-49.1844,22.3849
10.757812,-6.2180,-54.0759,29.8606
10.765625,-7.7782,-57.3260,29.2483
10.773438,-3.3168,-59.5870,18.9865
10.781250,3.5451,-62.7788,12.4342
10.789062,1.1933,-63.1841,5.7073
10.796875,-9.3305,-61.1227,-7.6683
10.804688,-15.6918,-60.8825,-15.7853
10.812500,-16.5021,-62.5764,-14.4422
10.820312,-20.4439,-64.7787,-11.5801
10.828125,-25.8814,-66.6142,-4.6392
10.835938,-24.6523,-67.4617,9.7880
10.843750,-17.8899,-67.7856,23.1240
10.851562,-13.0256,-67.5486,29.7775
10.859375,-10.9835,-66.8956,31.5858
10.867188,-6.1518,-66.7137,27.8283
10.875000,-0.5499,-66.7075,17.1905
10.882812,-1.2695,-65.9887,2.0084
10.890625,-3.7997,-64.1355,-10.4062
10.898438,-3.4798,-62.4702,-10.4935
10.906250,-7.6964,-62.8858,-3.6749
10.914062,-16.3129,-63.3862,-5.0074
10.921875,-19.9375,-61.8304,-6.5465
10.929688,-17.5686,-60.2410,7.2069
10.937500,-12.2576,-59.1540,23.7308
10.945312,-6.3690,-56.7050,29.1587
10.953125,-2.5496,-52.1897,30.5440
10.960938,1.7377,-46.2869,29.0505
10.968750,6.1310,-42.2772,20.4650
10.976562,5.3502,-41.3263,10.1452
10.984375,2.2132,-39.4114,-1.5226
10.992188,-1.5148,-35.5837,-15.8605
11.000000,-10.5936,-30.5201,-22.2087
11.007812,-20.0472,-22.2407,-15.6051
11.015625,-22.9768,-14.0515,-5.2731
11.023438,-23.3813,-10.0149,4.2821
11.031250,-23.8748,-7.2155,16.2928
11.039062,-23.0673,-5.2699,26.0049
11.046875,-19.8956,-5.3851,24.3946
11.054688,-11.2615,-3.5937,17.5437
11.062500,-0.6049,0.3607,15.2361
11.070312,3.4728,3.3016,9.3074
11.078125,2.8834,7.0456,-3.5089
11.085938,4.7272,13.2880,-8.2991
11.093750,8.0320,20.0610,-4.3692
11.101562,6.2201,24.9363,-3.5983
11.109375,-2.7595,26.1974,-2.7187
11.117188,-10.2694,25.0701,4.3060
11.125000,-10.6972,23.9500,15.1540
11.132812,-12.3168,22.9080,27.2274
11.140625,-15.5464,22.4007,34.1019
11.148438,-8.2738,24.0148,33.0879
11.156250,6.7126,27.9988,30.0688
11.164062,15.6209,31.8621,22.1866
11.171875,16.7530,32.0055,7.0007
11.179688,15.9082,30.3421,-2.7131
11.187500,15.2814,30.7668,-2.4149
11.195312,12.1601,30.0230,-1.3237
11.203125,4.0713,27.2032,1.4067
11.210938,-3.0804,27.6388,12.1005
11.218750,-4.3920,28.7738,25.3836
11.226562,-5.8229,25.8787,32.2745
11.234375,-9.5758,23.1896,33.3052
11.242188,-8.8869,22.3496,32.6494
11.250000,-1.8621,20.1801,27.7307
11.257812,5.9238,17.2620,16.8046
11.265625,9.1915,13.5862,5.9975
11.273438,9.7640,9.2665,-2.2989
11.281250,12.0454,7.6738,-9.9966
11.289062,11.4696,6.7362,-12.6332
11.296875,5.1013,2.4470,-7.0421
11.304688,0.7532,-1.6366,1.7938
11.312500,-1.9789,-3.8020,8.6288
11.320312,-9.2099,-7.9546,11.9451
11.328125,-14.1176,-12.9807,14.5403
11.335938,-11.7114,-15.5986,18.5050
11.343750,-6.7342,-17.1105,18.1427
11.351562,1.3247,-17.7839,10.3443
11.359375,10.9090,-17.1889,0.8063
11.367188,14.2070,-18.1905,-8.2858
11.375000,14.0586,-20.7829,-17.4160
11.382812,17.9830,-23.1018,-21.5552
11.390625,21.3293,-27.5533,-17.1805
11.398438,15.3478,-32.6622,-7.3393
11.406250,1.7233,-33.2203,2.2402
11.414062,-9.3812,-33.4560,8.2810
11.421875,-13.0460,-37.8753,13.1556
11.429688,-13.3781,-40.0426,17.6135
11.437500,-12.1930,-38.6191,15.8472
11.445312,-7.7043,-40.4897,5.6521
11.453125,-1.3801,-44.5625,-7.0999
11.460938,5.7737,-46.5717,-16.1460
11.468750,14.1598,-47.5841,-20.5606
11.476562,20.7826,-46.8577,-23.5507
11.484375,21.5779,-44.3421,-24.6396
11.492188,14.9094,-44.3381,-19.7731
11.500000,3.6562,-45.9693,-11.3627
11.507812,-5.7785,-45.5470,-4.4262
11.515625,-10.8875,-45.1789,1.0342
11.523438,-13.3568,-44.6365,4.1803
11.531250,-13.4120,-39.4869,3.4617
11.539062,-10.9346,-33.4640,-0.6658
11.546875,-7.3844,-33.3399,-9.6411
11.554688,-5.2797,-35.9018,-20.3607
11.562500,-4.2481,-36.5254,-25.3744
11.570312,1.3111,-36.5372,-27.0429
11.578125,9.3747,-34.7089,-29.0659
11.585938,8.9322,-30.4762,-25.0191
11.593750,2.2708,-29.4105,-15.1376
11.601562,-0.9769,-30.7255,-7.9354
11.609375,-6.4116,-27.5573,-1.9031
11.617188,-17.7121,-21.5230,5.0189
11.625000,-23.1751,-17.4551,3.5625
11.632812,-20.4971,-15.7055,-7.6262
11.640625,-18.8954,-17.0976,-16.6348
11.648438,-16.5278,-19.1658,-19.7286
11.656250,-8.6135,-16.3775,-21.4066
11.664062,-1.9725,-11.0225,-20.3817
11.671875,-0.8808,-7.9030,-16.7416
11.679688,-1.6410,-5.8794,-14.7080
11.687500,-4.4718,-3.6525,-10.4437
11.695312,-8.0495,-1.0767,-0.2041
11.703125,-7.9067,1.0763,8.7898
11.710938,-10.7768,-0.2503,12.4072
11.718750,-20.7046,-1.5586,13.2628
11.726562,-25.2387,3.9648,9.3335
11.734375,-22.1122,10.9113,-0.5363
11.742188,-20.8583,12.1230,-10.4090
11.750000,-17.5879,13.6133,-14.6030
11.757812,-10.4511,19.0738,-13.0123
11.765625,-7.8699,21.5288,-10.7831
11.773438,-6.5250,20.2621,-9.3993
11.781250,-4.7505,22.2029,-3.4190
11.789062,-11.6399,26.8382,5.4299
11.796875,-20.5246,28.9688,11.7919
11.804688,-20.7916,29.0336,17.4132
11.812500,-20.2803,28.2497,16.0965
11.820312,-21.9949,25.3192,3.1492
11.828125,-19.3604,22.5034,-3.8902
11.835938,-16.6524,22.3192,-1.1154
11.843750,-17.1569,22.9943,-8.4539
11.851562,-12.9070,24.2714,-19.9969
11.859375,-2.9942,25.6414,-17.2856
11.867188,2.9786,23.2168,-10.5400
11.875000,1.4304,18.8964,-7.7326
11.882812,-1.2254,17.8633,0.5928
11.890625,-1.4690,18.6082,10.9041
11.898438,-5.3195,19.8583,15.3921
11.906250,-14.9328,21.6026,16.5667
11.914062,-20.7824,18.8669,13.3706
11.921875,-18.6862,13.3795,5.5800
11.929688,-16.2307,12.9029,-0.3608
11.937500,-15.0474,13.3221,-2.9259
11.945312,-11.1126,9.1125,-4.3473
11.953125,-7.8448,6.7713,-5.4804
11.960938,-6.0916,8.4193,-6.6965
11.968750,-1.6673,8.9569,-6.2058
11.976562,0.5902,9.2743,-3.5958
11.984375,-0.7392,9.5567,-0.4786
11.992188,1.7795,5.7831,3.3867
12.000000,2.0391,0.4266,6.6626
12.007812,-6.2505,-2.4275,8.0549
12.015625,-11.9738,-5.4926,7.6568
12.023438,-13.9506,-10.1267,2.3078
12.031250,-19.7196,-13.3873,-6.1229
12.039062,-21.9817,-16.2252,-11.0340
12.046875,-16.0467,-21.1751,-13.8649
12.054688,-7.0431,-24.6605,-13.9053
12.062500,1.6416,-23.7974,-6.1789
12.070312,3.5417,-23.7859,2.1715
12.078125,0.4717,-28.1766,5.6632
12.085938,1.8112,-33.2524,10.0903
12.093750,0.6132,-36.4845,13.6308
12.101562,-7.0181,-37.6543,13.0552
12.109375,-10.7966,-36.8062,13.5715
12.117188,-13.8562,-37.7600,13.8694
12.125000,-19.3775,-41.7424,9.1500
12.132812,-19.5699,-43.4645,1.0634
12.140625,-18.2975,-43.1467,-6.6990
12.148438,-16.4063,-45.8786,-7.6342
12.156250,-7.0450,-48.6771,-0.0284
12.164062,0.2902,-46.2344,7.1887
12.171875,-0.0855,-41.2787,11.1769
12.179688,0.3076,-37.6107,15.5151
12.187500,0.1003,-35.2541,17.4097
12.195312,-4.0160,-36.3331,15.1602
12.203125,-9.7311,-40.9477,11.8910
12.210938,-15.8687,-40.6984,8.6034
12.218750,-16.6274,-33.5272,3.4623
12.226562,-13.0391,-30.0901,-3.2948
12.234375,-13.6030,-31.1240,-3.7945
12.242188,-14.3553,-28.4647,3.0262
12.250000,-12.2711,-26.7340,4.0869
12.257812,-10.2364,-27.7026,3.5750
12.265625,-3.2247,-21.1822,15.5823
12.273438,5.0693,-12.6406,25.9216
12.281250,6.4955,-13.8611,23.1618
12.289062,7.4528,-16.8229,20.7592
12.296875,8.3648,-14.6355,18.2951
12.304688,4.2979,-12.9115,10.6772
12.312500,1.2115,-12.5625,7.9021
12.320312,-1.1633,-13.2305,5.5645
12.328125,-5.2964,-15.5350,-3.7093
12.335938,-4.6674,-15.0827,-5.8277
12.343750,-2.2832,-12.4418,5.1594
12.351562,-3.6337,-10.9824,17.3608
12.359375,-2.4929,-8.0857,22.9782
12.367188,2.8873,-4.1335,23.2546
12.375000,6.6238,-1.1129,23.7341
12.382812,6.1350,2.2471,24.4649
12.390625,4.3711,2.9485,22.4322
12.398438,3.5429,0.6808,20.3971
12.406250,-2.1012,1.3997,14.9961
12.414062,-10.6011,4.1823,5.4006
12.421875,-10.3762,6.6551,3.5054
12.429688,-8.4719,11.8521,5.2522
12.437500,-13.1788,17.4416,2.5480
12.445312,-11.1660,19.2618,7.5881
12.453125,-0.7946,19.3701,17.1274
12.460938,7.1971,19.3389,18.9160
12.468750,14.3155,19.1320,24.1181
12.476562,17.5866,19.3800,32.6987
12.484375,12.9992,19.2019,32.0197
12.492188,9.9285,18.3546,27.3659
12.500000,10.4488,17.9267,18.9580
12.507812,9.8486,19.2754,6.7869
12.515625,8.1555,22.8754,5.2047
12.523438,3.5743,23.4160,8.4410
12.531250,0.6452,16.6704,7.1014
12.539062,6.0705,9.6420,14.4746
12.546875,13.8299,7.7451,26.7488
12.554688,18.3943,5.8239,28.3295
12.562500,19.3487,2.1276,26.1136
12.570312,17.9154,0.5678,26.7703
12.578125,20.4794,0.5134,25.5458
12.585938,22.7061,1.3749,20.2214
12.593750,16.5523,5.4629,13.0587
12.601562,12.0374,8.1702,11.2699
12.609375,11.1552,3.9928,12.1981
12.617188,3.1803,0.4976,7.5079
12.625000,-3.8400,4.7144,8.5121
12.632812,-1.5291,8.8521,18.9953
12.640625,2.1016,7.4417,22.3937
12.648438,6.9832,4.7043,22.7704
12.656250,15.4338,0.5282,29.9894
12.664062,18.4563,-4.5105,31.5787
12.671875,13.7499,-4.4439,24.6489
12.679688,10.3997,-2.2932,19.1536
12.687500,12.4697,-4.1182,12.5353
12.695312,14.3902,-6.5562,1.0543
12.703125,10.8303,-9.4011,-7.8521
12.710938,2.2649,-16.5416,-6.9440
12.718750,-6.2146,-23.0948,-2.2989
12.726562,-4.1291,-25.0373,-2.7795
12.734375,10.3176,-26.5422,-0.9187
12.742188,20.9766,-28.3230,7.2916
12.750000,22.4135,-29.1926,12.7831
12.757812,24.5082,-33.0039,19.5300
12.765625,25.4857,-38.5082,28.3780
12.773438,24.6134,-38.8781,27.1329
12.781250,27.5361,-36.7958,22.8303
12.789062,26.7939,-38.1247,20.2653
12.796875,21.4961,-38.0751,8.2450
12.804688,19.8273,-35.1302,-1.1351
12.812500,15.8936,-36.0624,3.2881
12.820312,10.6325,-36.9628,7.3583
12.828125,12.2855,-32.7154,9.7133
12.835938,13.2396,-32.3710,11.6678
12.843750,12.3814,-36.5040,5.9367
12.851562,15.6961,-35.0153,3.8622
12.859375,17.2094,-32.4202,9.2952
12.867188,17.5128,-34.9038,9.6989
12.875000,18.8164,-35.5444,8.1829
12.882812,16.4227,-33.7814,3.4143
12.890625,17.5007,-34.5679,-9.0969
12.898438,21.4776,-34.4549,-12.9122
12.906250,16.1769,-31.2258,-7.3277
12.914062,8.8706,-27.4982,-5.9654
12.921875,5.7483,-24.3815,-2.2022
12.929688,3.1020,-23.7343,4.0554
12.937500,8.4929,-25.8993,6.0392
12.945312,15.9855,-27.7909,11.4283
12.953125,12.7016,-27.3855,15.7087
12.960938,11.6448,-23.4418,12.2026
12.968750,17.5236,-17.1909,11.3284
12.976562,17.7028,-12.0391,8.3642
12.984375,16.7268,-7.7877,-3.7911
12.992188,20.1141,-5.6202,-8.9461
13.000000,22.2928,-7.7306,-3.1655
13.007812,22.5925,-8.4221,0.3064
13.015625,20.1113,-6.3459,0.5256
13.023438,15.6256,-8.3587,2.9781
13.031250,13.7445,-9.7683,8.7682
13.039062,13.9961,-4.7616,14.1561
13.046875,17.1915,-3.1027,15.3772
13.054688,20.2156,-6.2312,16.5918
13.062500,16.7017,-3.1062,15.8235
13.070312,15.8277,2.6703,6.7273
13.078125,19.9885,2.2628,0.0531
13.085938,15.1330,0.6793,1.0389
13.093750,6.1866,2.2421,-1.4840
13.101562,3.0969,4.5840,-2.9087
13.109375,-1.3403,7.7173,3.7021
13.117188,-5.2898,10.1014,8.9163
13.125000,-2.9562,9.2617,15.7607
13.132812,-0.5063,7.6174,29.2302
13.140625,1.4178,6.0796,34.4426
13.148438,4.3035,3.5388,29.7013
13.156250,4.6164,2.5866,26.3733
13.164062,4.4643,3.3798,19.9754
13.171875,4.8894,2.3238,11.7975
13.179688,3.7783,1.0301,10.0694
13.187500,3.1415,3.3578,3.6668
13.195312,3.8472,6.9220,-6.1835
13.203125,5.5144,7.2340,2.3736
13.210938,5.7826,5.5809,19.4064
13.218750,2.5976,6.6979,21.5462
13.226562,3.4178,10.1368,19.9156
13.234375,7.3680,10.7097,24.6963
13.242188,3.4294,8.6937,24.4660
13.250000,0.6972,9.1223,20.2617
13.257812,7.6523,10.6575,16.5680
13.265625,10.0892,8.6801,5.8880
13.273438,8.0077,6.0529,-6.6717
13.281250,12.6423,7.4890,-8.7551
13.289062,15.9553,10.2588,-4.8925
13.296875,11.9618,10.0129,-3.9665
13.304688,6.4520,7.2377,-2.1931
13.312500,2.4508,4.1007,8.3467
13.320312,4.3827,1.4107,22.7440
13.328125,8.7231,-1.7592,27.3382
13.335938,4.7539,-5.6892,22.7246
13.343750,0.0199,-7.1880,18.8598
13.351562,3.2509,-5.5988,15.0803
13.359375,5.0953,-5.7507,9.6431
13.367188,5.6264,-8.4224,5.0108
13.375000,11.8604,-10.7644,0.2105
13.382812,14.3208,-13.8881,-1.2888
13.390625,8.5406,-17.7467,3.2909
13.398438,4.0449,-20.4366,8.0597
13.406250,-1.0348,-22.8631,13.6357
13.414062,-10.5566,-23.7376,21.8376
13.421875,-12.4693,-23.2480,24.6927
13.429688,-4.1437,-26.4256,21.7266
13.437500,-0.8593,-30.4372,17.9402
13.445312,-4.0546,-30.4838,11.0294
13.453125,-1.8659,-32.1948,2.6961
13.460938,4.5845,-36.7088,-2.9555
13.468750,9.6514,-38.9960,-7.1035
13.476562,14.5026,-41.8122,-7.4015
13.484375,15.5504,-45.7842,-2.0697
13.492188,11.0775,-46.2231,5.8493
13.500000,8.3899,-44.6397,16.4791
13.507812,6.0531,-42.6845,28.0156
13.515625,-1.9287,-40.5198,35.3956
13.523438,-8.1800,-41.8527,37.7358
13.531250,-7.3329,-44.7593,34.0068
13.539062,-6.1160,-44.4051,24.3484
13.546875,-5.1944,-42.8691,13.7165
13.554688,-0.5744,-42.2621,3.8763
13.562500,3.3622,-42.4612,-4.3031
13.570312,4.4486,-43.1704,-6.4234
13.578125,7.5679,-41.4679,-2.7216
13.585938,10.7012,-38.0162,2.5455
13.593750,7.6943,-36.3611,8.4609
13.601562,1.8699,-34.8215,16.7777
13.609375,0.5486,-31.9362,26.5200
13.617188,3.4001,-28.9065,30.9001
13.625000,4.4978,-25.8677,26.5470
13.632812,1.8812,-23.4822,19.1904
13.640625,0.7743,-20.1573,11.3880
13.648438,3.2591,-15.1860,2.6162
13.656250,3.7387,-13.0100,-1.9689
13.664062,3.3914,-11.9274,-1.5733
13.671875,8.5201,-8.2780,-0.4804
13.679688,12.3462,-7.0095,4.3945
13.687500,7.5470,-6.2812,14.9113
13.695312,1.8983,0.3716,23.1798
13.703125,-1.2655,6.2075,24.4687
13.710938,-5.8881,6.2966,22.5611
13.718750,-6.4451,6.4849,18.9799
13.726562,-3.7933,9.0802,10.2128
13.734375,-9.7367,14.1348,-2.1132
13.742188,-16.2844,19.6935,-11.3214
13.750000,-7.0554,19.7441,-17.1302
13.757812,6.8512,17.4523,-21.4784
13.765625,8.5027,19.2838,-21.0961
13.773438,4.6470,21.6062,-15.6929
13.781250,4.6223,22.6717,-5.9832
13.789062,5.2788,24.3755,10.4337
13.796875,4.0302,23.9731,25.7239
13.804688,1.2181,23.3349,28.3408
13.812500,-1.9860,26.4559,22.9520
13.820312,-2.1937,29.1882,18.4566
13.828125,-1.0619,29.7219,13.2856
13.835938,-2.1995,30.9773,5.7018
13.843750,-1.1306,31.0746,-1.2124
13.851562,4.5351,29.1652,-5.5554
13.859375,9.3759,27.3518,-7.8177
13.867188,12.3470,24.8297,-7.7918
13.875000,14.9376,24.4783,-2.0313
13.882812,14.7851,28.7159,10.7836
13.890625,12.7090,28.7363,23.2065
13.898438,10.9137,22.9150,27.2837
13.906250,8.6498,23.7199,25.4173
13.914062,8.8475,30.1056,23.4225
13.921875,12.3082,31.2215,19.1510
13.929688,10.8079,29.5147,9.4458
13.937500,4.3883,26.6616,-1.0064
13.945312,5.4851,18.7368,-10.9889
13.953125,14.8412,12.1424,-24.2988
13.960938,21.6169,10.4470,-31.9873
13.968750,25.0463,8.1604,-22.2317
13.976562,27.0946,5.0497,-3.1157
13.984375,22.9555,0.0521,11.2913
13.992188,18.0089,-5.9522,19.1310
14.000000,20.6481,-5.2087,22.0024
14.007812,22.3800,-4.8828,18.1163
14.015625,19.5832,-13.7616,7.6472
14.023438,22.3070,-19.4905,-3.0394
14.031250,26.5413,-20.2114,-7.9573
14.039062,24.0856,-26.1827,-10.7202
14.046875,23.5008,-29.5340,-13.8657
14.054688,29.2834,-27.4215,-10.9903
14.062500,34.0428,-30.5751,-1.8720
14.070312,32.5923,-34.4602,8.4085
14.078125,24.6219,-33.2259,19.2258
14.085938,19.2791,-33.4850,25.0473
14.093750,23.4131,-36.3666,22.2202
14.101562,24.5589,-39.8064,19.1017
14.109375,15.9572,-43.1434,16.4741
14.117188,8.2721,-44.2185,8.5015
14.125000,3.8204,-46.1408,1.3082
14.132812,-0.0943,-49.5868,-2.4711
14.140625,-0.2166,-49.9933,-10.0110
14.148438,4.0091,-50.2720,-16.1025
14.156250,13.3605,-52.6858,-10.0165
14.164062,23.3275,-54.6036,3.9739
14.171875,23.5630,-57.4670,17.0165
14.179688,20.6617,-59.1596,28.1367
14.187500,21.8404,-57.2931,35.0276
14.195312,16.6968,-58.0564,30.9442
14.203125,9.1459,-61.2754,17.8374
14.210938,10.0246,-60.3274,5.4749
14.218750,8.8322,-56.3101,-5.5838
14.226562,3.0821,-53.0832,-19.6028
14.234375,3.1771,-51.9250,-29.4847
14.242188,4.4172,-51.1648,-26.7838
14.250000,3.4004,-48.0680,-16.1552
14.257812,5.5257,-45.0665,-6.3774
14.265625,9.1912,-42.3527,1.5037
14.273438,14.9659,-36.9954,11.5673
14.281250,21.2502,-33.2356,21.5871
14.289062,18.1482,-31.3099,22.6462
14.296875,11.1398,-27.3365,15.4162
14.304688,11.5538,-26.2138,8.6016
14.312500,11.7527,-25.9010,0.8740
14.320312,6.3425,-20.6688,-10.1438
14.328125,4.1182,-19.3780,-14.9007
14.335938,7.1892,-21.9316,-9.0569
14.343750,9.9488,-18.1391,-0.7698
14.351562,13.1711,-14.1864,4.6976
14.359375,21.2875,-12.7576,9.0430
14.367188,30.1521,-5.7550,15.9910
14.375000,31.4167,1.2134,24.8786
14.382812,27.1272,3.4371,25.9584
14.390625,22.5019,6.5193,16.3103
14.398438,17.3450,8.3098,7.3849
14.406250,14.4191,8.2344,1.0619
14.414062,12.6552,11.7243,-9.4438
14.421875,7.2523,16.1166,-17.0806
14.429688,5.6498,18.6053,-16.6283
14.437500,9.5879,21.3008,-14.2157
14.445312,9.0288,24.1127,-5.4066
14.453125,10.5378,27.1483,11.9824
14.460938,19.4464,29.8887,23.5314
14.468750,22.8116,31.9993,26.8805
14.476562,21.8144,35.0707,29.9030
14.484375,21.4703,36.2046,28.3412
14.492188,11.3998,36.5163,21.3292
14.500000,-1.7050,42.2679,11.7355
14.507812,-3.3704,45.4397,-4.9141
14.515625,-1.2813,38.8640,-20.5447
14.523438,-1.8531,35.1189,-23.8893
14.531250,-3.5266,38.4737,-22.5226
14.539062,-6.4907,38.6180,-17.8202
14.546875,-3.6789,36.9020,-2.5619
14.554688,2.2256,38.9098,14.9369
14.562500,1.1241,40.6220,27.2366
14.570312,2.5921,39.8344,33.7968
14.578125,6.8712,39.2405,26.5290
14.585938,-1.3222,39.2243,8.5115
14.593750,-10.6985,36.7856,-4.8440
14.601562,-9.4025,30.6129,-12.4507
14.609375,-10.0123,26.3934,-17.4569
14.617188,-12.4753,27.0052,-15.2185
14.625000,-11.7719,24.8128,-9.3780
14.632812,-14.6714,18.1589,-5.6286
14.640625,-15.5098,14.8446,2.6006
14.648438,-9.7014,14.0036,17.0756
14.656250,-4.6992,10.0533,27.4708
14.664062,3.0977,5.2143,32.2809
14.671875,13.6201,1.3776,34.6500
14.679688,17.5396,-3.2524,25.0656
14.687500,19.4014,-7.6517,5.2526
14.695312,20.7894,-11.5644,-5.8857
14.703125,16.1375,-16.7789,-13.0665
14.710938,13.0646,-21.5953,-27.7867
14.718750,11.1468,-24.0662,-30.0175
14.726562,1.3418,-25.7911,-12.8900
14.734375,-3.9488,-28.2674,0.6122
14.742188,5.0922,-31.7657,9.9505
14.750000,14.0299,-35.4924,24.9397
14.757812,16.2650,-37.9418,33.9970
14.765625,21.4801,-41.0476,31.1699
14.773438,30.0929,-46.8128,22.0255
14.781250,32.4973,-50.6542,10.3324
14.789062,28.2776,-50.0770,1.7165
14.796875,23.6110,-50.5851,-6.5263
14.804688,16.5993,-53.5373,-18.5036
14.812500,8.0573,-54.8971,-24.5063
14.820312,5.7454,-56.5036,-20.0285
14.828125,5.3904,-60.0843,-6.8603
14.835938,4.1194,-60.4320,13.1540
14.843750,9.8243,-57.7108,25.1171
14.851562,14.0310,-58.2453,25.6082
14.859375,11.3863,-60.0878,28.1552
14.867188,19.0203,-58.4854,23.7449
14.875000,30.5690,-57.8452,5.8795
14.882812,25.3406,-61.0361,-5.7113
14.890625,15.5149,-61.8908,-11.9014
14.898438,14.4389,-58.3235,-23.7535
14.906250,14.3413,-56.5974,-26.7370
14.914062,12.2488,-59.4385,-16.7851
14.921875,7.1640,-61.8598,-7.2462
14.929688,0.8306,-58.9721,2.5093
14.937500,2.0132,-52.0890,13.7391
14.945312,7.2651,-46.0907,20.4826
14.953125,12.2356,-42.9426,22.5758
14.960938,21.4612,-40.1324,19.3014
14.968750,28.6995,-34.6685,9.3981
14.976562,29.3199,-27.1402,-3.9722
14.984375,28.4585,-20.4754,-16.8362
14.992188,24.5013,-15.3156,-22.9954
15.000000,19.7930,-11.2476,-20.7773
15.007812,17.7495,-8.6279,-15.7722
15.015625,10.3775,-5.1116,-8.2706
15.023438,1.8437,-0.1994,3.3285
15.031250,2.7533,1.7834,16.0747
15.039062,5.7567,3.1676,26.6684
15.046875,5.8873,9.4881,29.1436
15.054688,9.0801,15.7158,22.8656
15.062500,15.8748,17.8808,15.5900
15.070312,21.3616,21.4414,5.0330
15.078125,20.5888,26.7236,-11.6303
15.085938,18.2744,28.8836,-21.7484
15.093750,19.5683,28.1889,-20.3048
15.101562,13.0598,28.0628,-16.2434
15.109375,1.4238,31.6291,-11.0987
15.117188,2.1217,37.0287,0.0916
15.125000,4.2945,37.9972,15.6823
15.132812,-1.4746,35.6821,23.2799
15.140625,-1.4214,35.9423,16.1432
15.148438,-0.2308,38.4022,10.8125
15.156250,-1.1475,40.3080,15.0498
15.164062,9.1941,40.0489,8.7429
15.171875,19.5045,38.1495,-8.2483
15.179688,21.1739,38.6132,-14.2907
15.187500,26.0398,40.8536,-13.0756
15.195312,22.6402,40.8508,-14.7226
15.203125,6.4214,39.4296,-10.7236
15.210938,0.1679,37.2161,0.5134
15.218750,0.0759,35.4979,13.2120
15.226562,-6.6100,37.4279,25.8760
15.234375,-8.6634,37.7151,33.1767
15.242188,-4.2814,32.4116,33.8808
15.250000,1.6743,27.9766,30.7440
15.257812,10.6043,25.0176,20.6155
15.265625,15.7076,21.1597,7.9011
15.273438,18.7990,20.3189,-1.2587
15.281250,24.6551,19.7869,-11.1786
15.289062,21.4584,15.9613,-15.2589
15.296875,13.1312,13.2837,-6.4835
15.304688,12.0242,9.4377,0.3532
15.312500,5.9366,1.6888,2.7900
15.320312,-4.9840,-2.9871,13.4900
15.328125,-4.6565,-5.7042,21.9595
15.335938,-3.0279,-12.1808,17.4389
15.343750,-5.5624,-17.1174,10.3208
15.351562,4.6300,-18.7000,2.7206
15.359375,20.6269,-23.7917,-6.7395
15.367188,24.1711,-32.2891,-11.6474
15.375000,22.0913,-38.9213,-16.9469
15.382812,20.8669,-42.4005,-22.5260
15.390625,16.2586,-43.9958,-13.2071
15.398438,12.1891,-44.9999,6.1093
15.406250,9.9246,-45.6272,19.0579
15.414062,4.9652,-45.8544,27.7367
15.421875,-0.8698,-47.5073,32.9634
15.429688,-7.4081,-52.1529,28.7266
15.437500,-10.7904,-57.9326,21.9539
15.445312,-1.2281,-61.4033,18.0401
15.453125,10.3183,-62.6017,10.2193
15.460938,11.5957,-64.3612,-1.4937
15.468750,18.2607,-66.7539,-9.1449
15.476562,30.2390,-69.0636,-10.4200
15.484375,27.5621,-72.8853,-7.4209
15.492188,20.1700,-77.2520,-0.8467
15.500000,18.5768,-79.5362,8.7791
15.507812,9.5569,-81.0710,20.4757
15.515625,-0.4316,-83.5101,34.0334
15.523438,-1.7304,-84.9102,43.1041
15.531250,-5.6808,-83.7052,36.0848
15.539062,-6.7694,-81.6768,17.5642
15.546875,3.1803,-80.4572,4.8016
15.554688,10.7009,-78.3337,-1.9956
15.562500,16.7877,-75.0852,-11.1008
15.570312,27.8486,-73.7193,-17.2418
15.578125,32.1524,-73.7645,-14.6671
15.585938,30.9593,-73.8856,-5.5199
15.593750,33.0314,-75.5685,5.9588
15.601562,29.7957,-75.3150,15.2991
15.609375,18.4041,-69.5491,25.3999
15.617188,8.9575,-64.4964,34.8619
15.625000,6.5017,-64.4211,28.8857
15.632812,8.2695,-64.6828,12.6068
15.640625,8.8166,-62.5188,5.6658
15.648438,11.8042,-59.5169,0.7019
15.656250,23.6178,-56.6836,-10.3201
15.664062,34.5459,-53.0482,-14.3860
15.671875,35.5959,-48.1487,-11.9995
15.679688,30.7997,-45.2311,-7.7189
15.687500,23.6423,-44.3525,5.0517
15.695312,19.0959,-39.8834,17.9711
15.703125,17.5148,-33.0629,24.1976
15.710938,10.5145,-28.7257,30.1774
15.718750,2.7043,-23.8868,26.0615
15.726562,0.4174,-17.8893,10.5697
15.734375,-3.2051,-15.6248,4.4552
15.742188,-3.5856,-15.4069,1.1878
15.750000,6.3815,-12.9838,-13.1925
15.757812,16.3764,-9.3463,-20.1856
15.765625,20.8932,-6.2742,-13.4495
15.773438,22.6831,-4.2419,-8.3019
15.781250,22.3119,-2.8218,-1.8974
15.789062,22.1855,-0.0258,9.8653
15.796875,17.7805,5.3208,17.6828
15.804688,6.2008,10.9981,21.2827
15.812500,-2.4308,13.0189,24.3588
15.820312,-8.0505,12.6057,24.1462
15.828125,-14.0375,14.8226,18.1232
15.835938,-10.9519,16.9226,5.1575
15.843750,-2.6615,14.3590,-9.3319
15.851562,0.6447,11.8907,-16.9063
15.859375,6.7976,11.2891,-18.9306
15.867188,18.1539,8.5607,-15.4617
15.875000,25.7878,6.7036,-1.4465
15.882812,27.0416,7.4152,14.3533
15.890625,19.9327,5.8238,19.2572
15.898438,6.8096,3.3975,18.2005
15.906250,-2.9689,3.4640,20.0540
15.914062,-7.7466,3.3599,20.7736
15.921875,-10.6564,2.5731,14.1905
15.929688,-12.9502,1.5061,4.1253
15.937500,-13.3004,-1.5374,-3.1546
15.945312,-6.4655,-4.2176,-7.6880
15.953125,3.9312,-5.7450,-9.6657
15.960938,9.4121,-10.0778,-6.5314
15.968750,12.2265,-15.1073,0.9552
15.976562,11.6022,-16.3316,9.9252
15.984375,5.1455,-16.3303,17.1025
15.992188,1.0073,-17.1021,18.9005
16.000000,-2.0815,-17.5793,17.1038
16.007812,-9.8912,-19.3688,15.1165
16.015625,-15.4688,-21.2978,11.2485
16.023438,-18.7763,-20.7634,4.5161
16.031250,-20.6242,-22.5105,-3.6318
16.039062,-11.9455,-27.5842,-10.6056
16.046875,-1.8148,-28.3524,-11.1634
16.054688,-1.3688,-27.0449,-4.9590
16.062500,2.6242,-31.3217,3.8003
16.070312,12.0085,-35.5294,14.8939
16.078125,13.0953,-35.1857,25.4997
16.085938,8.8154,-37.8468,29.4523
16.093750,4.4356,-43.7227,26.8411
16.101562,-3.4393,-45.3116,21.0211
16.109375,-11.3267,-44.0812,15.6723
16.117188,-14.2351,-44.9409,11.3457
16.125000,-12.8376,-46.6765,3.2786
16.132812,-9.6089,-46.9257,-3.1957
16.140625,-7.3277,-46.6782,0.2384
16.148438,-4.8381,-48.3511,3.9672
16.156250,-0.3120,-52.0332,4.3037
16.164062,4.1570,-56.3059,12.4176
16.171875,7.8653,-60.3688,23.5093
16.179688,9.7659,-61.0941,29.2882
16.187500,7.9231,-57.5519,35.0200
16.195312,3.7384,-55.7504,35.7469
16.203125,-3.0396,-56.3935,25.7595
16.210938,-11.3058,-53.4495,15.7333
16.218750,-16.0554,-48.1355,7.7724
16.226562,-18.9369,-44.2671,-3.1752
16.234375,-20.2146,-41.5480,-8.9892
16.242188,-13.0064,-41.3801,-4.9994
16.250000,-2.2447,-41.7622,1.0505
16.257812,2.1938,-37.7913,5.8207
16.265625,4.5800,-33.3137,12.3931
16.273438,8.8564,-32.3950,20.2535
16.281250,9.8807,-31.2838,25.6858
16.289062,5.6456,-28.4203,29.2985
16.296875,-0.5819,-24.9573,30.9858
16.304688,-4.4907,-22.4723,24.8548
16.312500,-7.1202,-23.4929,15.4174
16.320312,-14.5112,-23.6138,12.3328
16.328125,-23.4615,-18.8237,8.0389
16.335938,-26.5333,-15.0522,0.1376
16.343750,-25.9505,-12.6345,1.9480
16.351562,-22.3946,-7.7623,9.4177
16.359375,-14.2612,-5.8486,13.1385
16.367188,-8.6133,-4.8127,19.5462
16.375000,-6.8585,3.7629,24.2208
16.382812,-4.2687,11.9738,19.8199
16.390625,-7.7109,13.7392,16.9371
16.398438,-19.3719,18.0571,15.5317
16.406250,-27.2379,23.8414,7.1243
16.414062,-29.5565,23.5858,0.0698
16.421875,-31.2317,22.5208,-2.1016
16.429688,-28.8525,25.1992,-4.5797
16.437500,-24.4831,27.6525,-0.2344
16.445312,-21.8709,27.6696,11.0217
16.453125,-15.0235,26.8613,15.1984
16.460938,-6.9218,27.9974,13.5112
16.468750,-6.8025,29.6152,16.5233
16.476562,-8.7783,27.8547,19.8747
16.484375,-7.0228,26.9756,16.5029
16.492188,-6.9543,30.4774,11.1916
16.500000,-10.1536,32.5399,7.7387
16.507812,-15.5941,31.3905,2.8879
16.515625,-22.8892,29.1918,-2.7908
16.523438,-27.7877,25.8067,-4.0760
16.531250,-29.3873,24.8032,1.2428
16.539062,-27.9120,25.8307,9.6837
16.546875,-21.0489,23.7133,14.9199
16.554688,-13.5825,22.8072,18.1453
16.562500,-7.9830,25.8428,24.6403
16.570312,0.5463,26.8398,26.2923
16.578125,5.9832,27.0950,16.5601
16.585938,1.9637,27.7278,8.4449
16.593750,-3.9781,23.4426,7.9454
16.601562,-9.1358,18.4548,5.4069
16.609375,-15.6267,18.1317,-0.2788
16.617188,-19.4719,18.1848,-4.1593
16.625000,-21.0132,17.2939,-4.5597
16.632812,-21.2840,15.0390,-0.7520
16.640625,-16.1234,8.8628,4.4340
16.648438,-8.0950,4.0153,10.8135
16.656250,-3.1231,3.4882,18.1452
16.664062,-2.5103,0.9680,19.3487
16.671875,-3.7995,-4.1690,18.4744
16.679688,-0.4204,-7.7397,21.9146
16.687500,4.5172,-10.7264,18.5056
16.695312,-1.1836,-13.3736,6.4614
16.703125,-12.5919,-13.1355,-3.6032
16.710938,-18.2141,-11.9401,-8.4323
16.718750,-22.2282,-14.2536,-0.3290
16.726562,-26.7934,-18.8273,14.3250
16.734375,-25.8577,-20.7828,13.2260
16.742188,-20.0582,-20.4514,10.4665
16.750000,-14.3703,-20.9852,23.5592
16.757812,-11.1215,-21.9886,28.2000
16.765625,-6.6648,-22.8178,20.0772
16.773438,0.4617,-24.2472,19.3687
16.781250,-0.4767,-27.1315,19.4553
16.789062,-9.1768,-32.7682,15.1850
16.796875,-10.4677,-38.7763,12.5860
16.804688,-8.5014,-40.9243,8.3293
16.812500,-11.7816,-40.1104,8.7589
16.820312,-11.3377,-38.5378,15.1181
16.828125,-10.1479,-37.1439,17.0456
16.835938,-14.3040,-37.1579,23.4473
16.843750,-11.7226,-37.2596,32.2624
16.851562,-5.4425,-37.5187,26.9073
16.859375,-7.4906,-39.6461,23.2395
16.867188,-7.2217,-39.9189,30.0114
16.875000,-1.0637,-36.7901,27.8625
16.882812,-1.3934,-34.5451,21.9599
16.890625,-6.3041,-34.6280,20.0415
16.898438,-10.1035,-37.7852,11.0066
16.906250,-13.4310,-41.6499,5.1679
16.914062,-14.1880,-39.1559,11.5756
16.921875,-16.6779,-33.9123,14.6686
16.929688,-22.8205,-33.4491,12.7936
16.937500,-20.9031,-33.5663,14.7621
16.945312,-9.7437,-31.2773,18.4762
16.953125,-0.4678,-28.0285,22.2632
16.960938,4.0552,-23.1905,24.2460
16.968750,4.1398,-20.8948,21.8954
16.976562,1.5318,-21.6244,17.2103
16.984375,1.9245,-19.8037,10.3070
16.992188,2.2174,-19.0079,2.5888
17.000000,-2.2981,-20.7676,-2.9697
17.007812,-5.6224,-18.6115,-5.3667
17.015625,-6.1239,-14.2001,0.6313
17.023438,-9.3679,-9.6564,13.6286
17.031250,-13.7371,-4.3099,21.7554
17.039062,-15.2515,-3.5145,22.9819
17.046875,-14.6186,-4.6078,22.5054
17.054688,-11.0603,-1.9243,22.4854
17.062500,-3.3441,-1.4497,24.0314
17.070312,4.1534,-1.0032,20.9366
17.078125,6.3235,6.8353,8.5369
17.085938,5.1048,14.6940,-4.2643
17.093750,4.2986,18.2481,-9.4203
17.101562,1.7014,20.6019,-5.8694
17.109375,-3.8996,18.7677,3.9486
17.117188,-8.4773,15.5226,14.4079
17.125000,-11.6517,16.2241,23.2168
17.132812,-13.5666,16.4585,25.7464
17.140625,-8.8054,16.0107,19.2547
17.148438,0.7372,17.4137,16.5893
17.156250,4.9665,15.4724,20.1135
17.164062,3.9423,10.6351,17.4479
17.171875,4.7783,9.2525,12.8006
17.179688,5.8141,10.8309,7.7198
17.187500,2.5235,12.8700,-3.6875
17.195312,-2.3882,15.3172,-4.7278
17.203125,-6.0932,17.9124,9.1258
17.210938,-10.5293,20.2068,16.4739
17.218750,-15.3595,21.0313,18.3816
17.226562,-17.6466,20.6634,23.8463
17.234375,-16.7314,20.7234,25.3730
17.242188,-11.1972,20.1118,24.0721
17.250000,-2.1608,18.3715,22.0380
17.257812,1.7529,16.9755,15.9899
17.265625,-0.6257,14.9997,13.6976
17.273438,0.2387,12.7526,16.2142
17.281250,3.9546,12.9226,16.1489
17.289062,3.4191,13.0646,16.4791
17.296875,-0.1875,8.4334,18.4097
17.304688,-4.7584,2.2904,20.3040
17.312500,-9.1424,1.3282,25.1601
17.320312,-10.7775,3.6264,31.0162
17.328125,-12.0925,3.5837,35.2426
17.335938,-12.0254,1.7903,36.1783
17.343750,-6.0640,-0.2728,31.3539
17.351562,-0.8338,-2.0597,26.8495
17.359375,0.7910,-0.3199,25.6389
17.367188,6.6354,2.7970,23.6409
17.375000,11.6857,1.8944,21.5086
17.382812,6.7220,0.0361,15.3674
17.390625,-2.2079,-0.7201,9.1389
17.398438,-7.5721,-5.0075,17.3803
17.406250,-8.1570,-10.8137,26.9641
17.414062,-6.5715,-12.0223,24.6206
17.421875,-8.1911,-10.3825,27.5964
17.429688,-10.6405,-11.6324,31.8546
17.437500,-8.9740,-16.1465,25.1465
17.445312,-4.2838,-18.6663,24.9714
17.453125,5.5242,-18.9229,26.6362
17.460938,16.3811,-22.4713,13.5295
17.468750,16.5542,-26.5629,6.1668
17.476562,11.9679,-25.8042,11.5484
17.484375,12.2912,-24.5111,11.7617
17.492188,10.4809,-25.1089,12.0700
17.500000,6.6779,-25.5218,19.1359
17.507812,8.4322,-27.1729,25.1944
17.515625,10.5837,-28.0144,29.0797
17.523438,8.4293,-26.2215,29.1715
17.531250,6.0859,-26.7149,24.7271
17.539062,6.1818,-28.4613,19.4136
17.546875,6.4091,-27.0331,12.0228
17.554688,3.3674,-26.0542,6.2303
17.562500,3.4138,-28.0571,3.9931
17.570312,13.5011,-29.8869,-1.2808
17.578125,21.4360,-28.5816,-3.3214
17.585938,17.6875,-23.2810,3.3708
17.593750,11.4861,-17.6555,9.3058
17.601562,7.3982,-15.3086,14.8299
17.609375,4.6065,-14.1940,22.8177
17.617188,5.4447,-11.8846,27.1708
17.625000,6.0862,-7.9247,28.7856
17.632812,4.8636,-4.4302,26.2999
17.640625,6.1094,-4.8404,17.2769
17.648438,9.3620,-6.4846,11.3457
17.656250,14.2048,-6.3878,8.3175
17.664062,18.7646,-6.3040,3.1792
17.671875,17.9039,-4.0466,4.7127
17.679688,14.1098,-0.1169,9.7031
17.687500,8.9907,0.3693,9.1744
17.695312,1.9610,1.7425,13.9034
17.703125,1.0603,6.6833,25.1588
17.710938,4.4885,8.9973,29.0686
17.718750,1.6030,10.3688,27.8549
17.726562,-1.4402,13.7741,25.7644
17.734375,1.9688,16.6592,15.6345
17.742188,4.4607,21.7197,2.5573
17.750000,4.5583,27.0067,-1.4964
17.757812,7.4310,25.9525,-1.6687
17.765625,12.3803,23.5347,-5.2450
17.773438,13.9477,23.4781,-4.1506
17.781250,11.4309,22.3209,4.7904
17.789062,11.3181,22.0030,12.6481
17.796875,11.6240,22.8155,18.2673
17.804688,7.6749,23.6851,22.6800
17.812500,8.0497,27.8307,20.9620
17.820312,10.1349,31.1467,15.8908
17.828125,4.3063,30.8515,10.0724
17.835938,3.2967,34.0514,2.0472
17.843750,10.3022,38.5858,-0.8659
17.851562,14.9268,38.3298,-0.3880
17.859375,25.7546,37.6236,-4.1999
17.867188,35.4402,37.2686,-1.1476
17.875000,27.5853,34.8282,8.1609
17.882812,24.2513,33.8331,8.4898
17.890625,30.7224,34.2177,11.1760
17.898438,22.3188,34.3460,22.6568
17.906250,12.6963,36.2740,25.0795
17.914062,15.8196,37.1038,20.7855
17.921875,12.7831,33.6802,16.9811
17.929688,8.3383,30.1201,6.5998
17.937500,12.9337,29.1859,-0.7907
17.945312,13.0216,28.0804,0.4677
17.953125,10.6224,24.6947,-2.1962
17.960938,14.1266,22.5342,-3.1320
17.968750,16.0183,24.9697,5.6006
17.976562,14.8568,26.5258,13.2448
17.984375,14.5619,23.2593,16.9655
17.992188,17.6990,21.2558,18.7326
18.000000,23.5318,21.4554,15.8765
18.007812,22.1058,17.9927,12.9057
18.015625,16.6087,12.7039,10.5423
18.023438,17.8054,9.7549,3.7864
18.031250,17.6504,7.1229,-4.6508
18.039062,16.4511,3.1989,-11.1831
18.046875,22.4199,0.3238,-12.5823
18.054688,23.7356,0.7138,-6.0935
18.062500,21.5304,1.9457,1.9191
18.070312,28.0475,0.7955,7.7888
18.078125,29.3509,0.4148,14.6536
18.085938,22.1447,0.9883,19.6076
18.093750,22.9129,-3.7450,20.6271
18.101562,22.9915,-9.4288,20.1753
18.109375,13.2879,-8.7580,16.5875
18.117188,8.6848,-9.5522,9.2558
18.125000,12.3890,-14.4360,0.9240
18.132812,15.2867,-12.4430,-5.9543
18.140625,16.8423,-6.1361,-8.4172
18.148438,18.0916,-6.5802,-7.4219
18.156250,18.8214,-10.3667,-5.2673
18.164062,18.5620,-12.3394,0.8189
18.171875,16.1925,-14.9605,11.1812
18.179688,15.0778,-16.2907,20.4575
18.187500,15.9747,-14.7623,22.3116
18.195312,13.8065,-15.3286,14.4640
18.203125,10.5276,-18.5773,5.6089
18.210938,11.9617,-20.3845,2.8693
18.218750,13.7698,-19.6486,-2.7885
18.226562,9.2555,-17.1182,-15.8968
18.234375,4.8872,-15.2214,-24.4201
18.242188,9.1605,-16.4516,-22.4592
18.250000,14.7725,-18.1217,-15.9679
18.257812,14.9257,-17.4713,-6.6673
18.265625,17.1075,-16.3184,6.4654
18.273438,21.0378,-14.5833,17.2369
18.281250,17.9192,-10.6000,20.5051
18.289062,13.0533,-6.9781,20.3715
18.296875,13.4901,-6.1125,17.7975
18.304688,12.7904,-5.5682,9.2257
18.312500,7.3492,-2.8881,-0.6056
18.320312,3.5820,0.7561,-10.3964
18.328125,6.0655,2.7401,-24.2402
18.335938,9.9454,2.2764,-29.3676
18.343750,7.8248,2.3349,-17.4447
18.351562,4.2629,6.5770,-6.2865
18.359375,8.4445,12.3305,-1.7981
18.367188,15.7048,13.6472,7.1990
18.375000,17.7401,13.4244,15.3509
18.382812,17.1859,18.3325,16.0852
18.390625,17.5927,23.4749,13.3677
18.398438,15.6210,22.3512,2.9523
18.406250,9.2287,21.9919,-13.4183
18.414062,3.8543,27.8528,-23.0354
18.421875,3.4229,32.5603,-27.2476
18.429688,2.9178,32.8426,-29.9300
18.437500,1.2416,34.6866,-23.9510
18.445312,3.7121,38.4785,-11.4150
18.453125,7.4204,40.3545,0.6458
18.460938,9.6184,43.4128,14.2467
18.468750,15.0095,49.9317,25.2467
18.476562,19.4991,53.4096,25.3564
18.484375,15.7105,52.1574,19.5436
18.492188,7.8560,53.5830,12.8727
18.500000,3.3210,57.8762,0.8822
18.507812,5.6681,59.2415,-13.9800
18.515625,9.7979,59.0736,-23.3590
18.523438,6.5626,59.5857,-24.9850
18.531250,3.9334,59.1854,-18.3229
18.539062,10.4338,59.3081,-7.7337
18.546875,12.8369,60.5585,-2.9568
18.554688,9.9638,60.5783,0.7325
18.562500,15.5407,59.7232,11.7287
18.570312,21.1933,58.5674,16.1370
18.578125,18.9924,57.2662,4.9219
18.585938,19.1318,56.4899,-6.2883
18.593750,18.3244,53.7334,-12.5173
18.601562,11.6140,50.5400,-23.1811
18.609375,9.4744,52.8937,-32.6389
18.617188,10.7755,55.7800,-32.5859
18.625000,9.7122,51.7520,-28.8372
18.632812,10.5749,47.3401,-25.6757
18.640625,8.3525,47.7527,-20.6224
18.648438,1.4865,46.3205,-12.0986
18.656250,2.7445,39.1688,-2.1674
18.664062,9.1151,30.6449,1.1068
18.671875,9.9132,25.5336,-6.0468
18.679688,9.6738,24.4125,-14.9121
18.687500,9.8684,24.0333,-21.8621
18.695312,7.7574,21.5562,-31.6120
18.703125,7.0279,17.7198,-38.3598
18.710938,5.8428,15.6781,-36.3672
18.718750,2.2887,15.6200,-33.7691
18.726562,-0.3546,12.5889,-30.8621
18.734375,-4.0462,6.3299,-19.4985
18.742188,-5.0922,2.7713,-5.6994
18.750000,1.7867,0.9267,4.1925
18.757812,6.0469,-2.7930,12.5730
18.765625,4.8040,-5.2799,12.0451
18.773438,7.4587,-6.4390,0.4338
18.781250,8.7179,-8.7411,-8.6932
18.789062,4.9305,-9.7957,-16.0130
18.796875,4.4922,-10.3095,-28.4621
18.804688,4.5253,-12.2600,-35.9382
18.812500,2.0561,-12.7129,-34.9406
18.820312,2.5978,-12.5997,-30.7404
18.828125,1.7833,-14.0770,-18.3803
18.835938,-1.6697,-14.5810,-1.4271
18.843750,0.7263,-14.8720,7.8788
18.851562,5.8909,-14.7699,11.7964
18.859375,7.7248,-11.0812,15.5883
18.867188,8.7481,-10.3357,17.7685
18.875000,9.7984,-17.0436,14.6840
18.882812,12.0958,-20.2735,0.4423
18.890625,15.0327,-14.9568,-16.5532
18.898438,12.7406,-9.7780,-21.2480
18.906250,9.1214,-8.7557,-21.5452
18.914062,10.0773,-9.2203,-22.4288
18.921875,8.7291,-8.3396,-10.2635
18.929688,4.5571,-3.4776,8.1507
18.937500,6.5926,3.1284,17.9722
18.945312,12.3122,7.2092,26.2376
18.953125,14.1031,11.0081,30.8600
18.960938,14.0498,16.2327,20.0162
18.968750,16.7188,18.3333,3.6579
18.976562,20.3996,17.4118,-8.5698
18.984375,21.3984,19.4001,-22.5337
18.992188,21.6920,24.0280,-35.0287
19.000000,22.7597,27.2870,-37.4376
19.007812,18.1350,30.6293,-31.3208
19.015625,8.2437,35.8533,-20.0844
19.023438,4.4133,40.8866,-4.9842
19.031250,6.2021,45.0411,10.5679
19.039062,4.3939,48.9431,22.1078
19.046875,3.6635,52.8246,25.9994
19.054688,10.7191,58.1009,20.8204
19.062500,16.3754,64.4115,7.9956
19.070312,13.9443,69.6460,-7.1928
19.078125,12.4057,74.0808,-17.7150
19.085938,15.6813,77.7354,-23.9709
19.093750,14.5886,79.8774,-31.3730
19.101562,7.6055,81.7349,-36.8560
19.109375,2.5649,82.3341,-33.0180
19.117188,-1.0631,80.0520,-20.4058
19.125000,-5.7367,78.1866,-5.3762
19.132812,-5.0713,78.7345,5.9372
19.140625,1.3928,79.8769,11.0920
19.148438,5.9258,81.0500,11.4961
19.156250,10.7044,80.4843,5.4855
19.164062,19.5769,77.8351,-9.7032
19.171875,22.9145,77.9766,-27.4964
19.179688,18.5079,79.7639,-37.9538
19.187500,19.3121,77.8393,-39.2278
19.195312,22.6399,76.1475,-33.7595
19.203125,15.1385,76.8043,-24.2035
19.210938,5.7574,74.1143,-13.0636
19.218750,6.0435,71.8422,1.2156
19.226562,6.2221,75.6344,16.3350
19.234375,2.8087,77.1414,20.6904
19.242188,3.6143,71.7106,14.7994
19.250000,4.2279,66.7824,12.6720
19.257812,1.2730,65.2150,9.9478
19.265625,2.2882,64.8649,-5.2599
19.273438,5.0124,64.6013,-20.2523
19.281250,1.4941,61.9104,-23.5959
19.289062,-4.0213,57.9268,-24.0639
19.296875,-4.5143,56.1738,-19.7676
19.304688,-2.6086,53.9266,-4.0308
19.312500,-4.4729,49.1795,12.1528
19.320312,-10.0919,45.7515,23.9799
19.328125,-13.4817,43.8100,35.0093
19.335938,-10.2734,38.8781,36.4822
19.343750,-2.7262,30.6651,26.9168
19.351562,1.7512,24.4073,16.1763
19.359375,0.8743,21.7129,3.4283
19.367188,2.3027,17.4214,-10.5588
19.375000,7.4904,12.3578,-18.7492
19.382812,7.9024,12.4436,-21.4107
19.390625,2.8930,12.2536,-15.1415
19.398438,-3.9267,6.0940,0.3654
19.406250,-12.8467,1.3110,11.3104
19.414062,-18.7432,-0.5449,17.4718
19.421875,-19.5944,-5.1917,26.6833
19.429688,-22.5682,-9.2604,29.1069
19.437500,-26.3299,-10.2195,21.8902
19.445312,-24.0018,-11.2808,13.3566
19.453125,-15.9552,-12.0704,-0.4764
19.460938,-5.2283,-14.8880,-17.5725
19.468750,2.0238,-21.8261,-26.9928
19.476562,0.4091,-26.2764,-30.0711
19.484375,-4.8502,-25.9173,-25.9264
19.492188,-6.5188,-24.0216,-10.6869
19.500000,-4.7085,-20.3993,6.7939
19.507812,-5.5936,-19.0418,20.0538
19.515625,-12.0679,-22.6575,26.2685
19.523438,-14.3515,-23.2313,21.3484
19.531250,-9.7391,-19.3186,14.1041
19.539062,-9.5887,-18.7584,7.9350
19.546875,-8.4213,-19.9273,-7.2649
19.554688,1.9512,-16.9201,-22.7802
19.562500,6.4817,-12.6682,-27.3604
19.570312,2.7075,-11.3553,-32.4327
19.578125,3.7193,-10.7752,-37.9387
19.585938,3.9530,-7.7506,-29.5696
19.593750,-0.8886,-2.9123,-11.6945
19.601562,-3.6173,2.1989,3.7105
19.609375,-7.2788,6.3310,12.4873
19.617188,-13.3253,7.6292,12.2611
19.625000,-16.3099,8.5295,5.9501
19.632812,-14.9263,12.8840,-2.6575
19.640625,-7.3129,17.0443,-14.9392
19.648438,0.8220,18.3548,-25.8520
19.656250,2.2514,20.5961,-27.9261
19.664062,7.7327,22.7883,-25.8404
19.671875,18.8717,23.4934,-24.8735
19.679688,19.6724,28.2073,-18.7760
19.687500,13.0254,37.1440,-5.5346
19.695312,10.1684,44.1600,4.9528
19.703125,7.1381,47.0972,10.1881
19.710938,2.2025,46.5743,16.5003
19.718750,-1.4617,46.3184,19.1348
19.726562,-5.5070,52.1891,11.3156
19.734375,-9.7541,61.6344,1.0300
19.742188,-10.3441,66.3352,-5.7228
19.750000,-3.5014,66.5040,-14.6636
19.757812,8.8940,70.2377,-27.0936
19.765625,19.2708,78.2987,-35.6148
19.773438,25.5343,81.6649,-34.2208
19.781250,27.1304,79.2845,-23.9060
19.789062,20.7596,79.0761,-9.5782
19.796875,12.1891,80.4900,4.4389
19.804688,7.9392,81.9078,12.6049
19.812500,6.0159,87.6516,12.5817
19.820312,7.3083,91.8020,7.8496
19.828125,10.3204,89.2001,-4.2663
19.835938,8.7365,88.9784,-24.8313
19.843750,7.0811,90.4722,-40.5021
19.851562,12.6349,86.5120,-44.7776
19.859375,21.7916,84.7040,-43.0509
19.867188,27.3064,86.4311,-35.0364
19.875000,25.4271,83.2438,-22.8582
19.882812,19.8270,79.9136,-10.5026
19.890625,16.9263,79.2155,4.5414
19.898438,16.0338,74.4723,14.5934
19.906250,13.7846,69.5909,11.5184
19.914062,7.5994,68.1637,5.1763
19.921875,-1.6544,65.4386,-0.5100
19.929688,-5.0733,63.8543,-10.6413
19.937500,-2.1631,64.9454,-21.0010
19.945312,-2.7763,64.8122,-29.3352
19.953125,-4.1087,65.3261,-33.7748
19.960938,1.6031,64.1501,-26.4246
19.968750,12.3210,57.3524,-12.7086
19.976562,21.8203,53.2680,-2.8760
19.984375,21.2866,52.8251,6.3236
19.992188,13.3800,46.9556,14.9501
