start_time,end_time,step_count
2026-08-03 00:00:00.000,2026-08-03 00:10:00.000,8
2026-08-03 00:10:00.000,2026-08-03 00:20:00.000,1
2026-08-03 00:20:00.000,2026-08-03 00:30:00.000,16
2026-08-03 00:30:00.000,2026-08-03 00:40:00.000,19
2026-08-03 00:40:00.000,2026-08-03 00:50:00.000,23
2026-08-03 00:50:00.000,2026-08-03 01:00:00.000,11
2026-08-03 01:00:00.000,2026-08-03 01:10:00.000,7
2026-08-03 01:10:00.000,2026-08-03 01:20:00.000,23
2026-08-03 01:20:00.000,2026-08-03 01:30:00.000,13
2026-08-03 01:30:00.000,2026-08-03 01:40:00.000,25
2026-08-03 01:40:00.000,2026-08-03 01:50:00.000,20
2026-08-03 01:50:00.000,2026-08-03 02:00:00.000,2
2026-08-03 02:00:00.000,2026-08-03 02:10:00.000,24
2026-08-03 02:10:00.000,2026-08-03 02:20:00.000,9
2026-08-03 02:20:00.000,2026-08-03 02:30:00.000,4
2026-08-03 02:30:00.000,2026-08-03 02:40:00.000,17
2026-08-03 02:40:00.000,2026-08-03 02:50:00.000,5
2026-08-03 02:50:00.000,2026-08-03 03:00:00.000,25
2026-08-03 03:00:00.000,2026-08-03 03:10:00.000,0
2026-08-03 03:10:00.000,2026-08-03 03:20:00.000,15
2026-08-03 03:20:00.000,2026-08-03 03:30:00.000,7
2026-08-03 03:30:00.000,2026-08-03 03:40:00.000,14
2026-08-03 03:40:00.000,2026-08-03 03:50:00.000,19
2026-08-03 03:50:00.000,2026-08-03 04:00:00.000,20
2026-08-03 04:00:00.000,2026-08-03 04:10:00.000,0
2026-08-03 04:10:00.000,2026-08-03 04:20:00.000,24
2026-08-03 04:20:00.000,2026-08-03 04:30:00.000,2
2026-08-03 04:30:00.000,2026-08-03 04:40:00.000,21
2026-08-03 04:40:00.000,2026-08-03 04:50:00.000,21
2026-08-03 04:50:00.000,2026-08-03 05:00:00.000,12
2026-08-03 05:00:00.000,2026-08-03 05:10:00.000,8
2026-08-03 05:10:00.000,2026-08-03 05:20:00.000,0
2026-08-03 05:20:00.000,2026-08-03 05:30:00.000,1
2026-08-03 05:30:00.000,2026-08-03 05:40:00.000,9
2026-08-03 05:40:00.000,2026-08-03 05:50:00.000,18
2026-08-03 05:50:00.000,2026-08-03 06:00:00.000,12
2026-08-03 06:00:00.000,2026-08-03 06:10:00.000,6
2026-08-03 06:10:00.000,2026-08-03 06:20:00.000,15
2026-08-03 06:20:00.000,2026-08-03 06:30:00.000,22
2026-08-03 06:30:00.000,2026-08-03 06:40:00.000,19
2026-08-03 06:40:00.000,2026-08-03 06:50:00.000,22
2026-08-03 06:50:00.000,2026-08-03 07:00:00.000,13
2026-08-03 07:00:00.000,2026-08-03 07:10:00.000,174
2026-08-03 07:10:00.000,2026-08-03 07:20:00.000,70
2026-08-03 07:20:00.000,2026-08-03 07:30:00.000,56
2026-08-03 07:30:00.000,2026-08-03 07:40:00.000,178
2026-08-03 07:40:00.000,2026-08-03 07:50:00.000,140
2026-08-03 07:50:00.000,2026-08-03 08:00:00.000,65
2026-08-03 08:00:00.000,2026-08-03 08:10:00.000,539
2026-08-03 08:10:00.000,2026-08-03 08:20:00.000,598
2026-08-03 08:20:00.000,2026-08-03 08:30:00.000,658
2026-08-03 08:30:00.000,2026-08-03 08:40:00.000,814
2026-08-03 08:40:00.000,2026-08-03 08:50:00.000,614
2026-08-03 08:50:00.000,2026-08-03 09:00:00.000,802
2026-08-03 09:00:00.000,2026-08-03 09:10:00.000,70
2026-08-03 09:10:00.000,2026-08-03 09:20:00.000,105
2026-08-03 09:20:00.000,2026-08-03 09:30:00.000,85
2026-08-03 09:30:00.000,2026-08-03 09:40:00.000,141
2026-08-03 09:40:00.000,2026-08-03 09:50:00.000,167
2026-08-03 09:50:00.000,2026-08-03 10:00:00.000,62
2026-08-03 10:00:00.000,2026-08-03 10:10:00.000,57
2026-08-03 10:10:00.000,2026-08-03 10:20:00.000,70
2026-08-03 10:20:00.000,2026-08-03 10:30:00.000,114
2026-08-03 10:30:00.000,2026-08-03 10:40:00.000,86
2026-08-03 10:40:00.000,2026-08-03 10:50:00.000,121
2026-08-03 10:50:00.000,2026-08-03 11:00:00.000,59
2026-08-03 11:00:00.000,2026-08-03 11:10:00.000,129
2026-08-03 11:10:00.000,2026-08-03 11:20:00.000,106
2026-08-03 11:20:00.000,2026-08-03 11:30:00.000,25
2026-08-03 11:30:00.000,2026-08-03 11:40:00.000,73
2026-08-03 11:40:00.000,2026-08-03 11:50:00.000,39
2026-08-03 11:50:00.000,2026-08-03 12:00:00.000,107
2026-08-03 12:00:00.000,2026-08-03 12:10:00.000,447
2026-08-03 12:10:00.000,2026-08-03 12:20:00.000,485
2026-08-03 12:20:00.000,2026-08-03 12:30:00.000,419
2026-08-03 12:30:00.000,2026-08-03 12:40:00.000,448
2026-08-03 12:40:00.000,2026-08-03 12:50:00.000,265
2026-08-03 12:50:00.000,2026-08-03 13:00:00.000,251
2026-08-03 13:00:00.000,2026-08-03 13:10:00.000,155
2026-08-03 13:10:00.000,2026-08-03 13:20:00.000,46
2026-08-03 13:20:00.000,2026-08-03 13:30:00.000,149
2026-08-03 13:30:00.000,2026-08-03 13:40:00.000,34
2026-08-03 13:40:00.000,2026-08-03 13:50:00.000,146
2026-08-03 13:50:00.000,2026-08-03 14:00:00.000,151
2026-08-03 14:00:00.000,2026-08-03 14:10:00.000,168
2026-08-03 14:10:00.000,2026-08-03 14:20:00.000,58
2026-08-03 14:20:00.000,2026-08-03 14:30:00.000,111
2026-08-03 14:30:00.000,2026-08-03 14:40:00.000,108
2026-08-03 14:40:00.000,2026-08-03 14:50:00.000,136
2026-08-03 14:50:00.000,2026-08-03 15:00:00.000,29
2026-08-03 15:00:00.000,2026-08-03 15:10:00.000,130
2026-08-03 15:10:00.000,2026-08-03 15:20:00.000,38
2026-08-03 15:20:00.000,2026-08-03 15:30:00.000,144
2026-08-03 15:30:00.000,2026-08-03 15:40:00.000,21
2026-08-03 15:40:00.000,2026-08-03 15:50:00.000,87
2026-08-03 15:50:00.000,2026-08-03 16:00:00.000,130
2026-08-03 16:00:00.000,2026-08-03 16:10:00.000,65
2026-08-03 16:10:00.000,2026-08-03 16:20:00.000,135
2026-08-03 16:20:00.000,2026-08-03 16:30:00.000,39
2026-08-03 16:30:00.000,2026-08-03 16:40:00.000,103
2026-08-03 16:40:00.000,2026-08-03 16:50:00.000,99
2026-08-03 16:50:00.000,2026-08-03 17:00:00.000,99
2026-08-03 17:00:00.000,2026-08-03 17:10:00.000,59
2026-08-03 17:10:00.000,2026-08-03 17:20:00.000,80
2026-08-03 17:20:00.000,2026-08-03 17:30:00.000,112
2026-08-03 17:30:00.000,2026-08-03 17:40:00.000,81
2026-08-03 17:40:00.000,2026-08-03 17:50:00.000,61
2026-08-03 17:50:00.000,2026-08-03 18:00:00.000,77
2026-08-03 18:00:00.000,2026-08-03 18:10:00.000,142
2026-08-03 18:10:00.000,2026-08-03 18:20:00.000,115
2026-08-03 18:20:00.000,2026-08-03 18:30:00.000,137
2026-08-03 18:30:00.000,2026-08-03 18:40:00.000,499
2026-08-03 18:40:00.000,2026-08-03 18:50:00.000,786
2026-08-03 18:50:00.000,2026-08-03 19:00:00.000,795
2026-08-03 19:00:00.000,2026-08-03 19:10:00.000,520
2026-08-03 19:10:00.000,2026-08-03 19:20:00.000,709
2026-08-03 19:20:00.000,2026-08-03 19:30:00.000,449
2026-08-03 19:30:00.000,2026-08-03 19:40:00.000,58
2026-08-03 19:40:00.000,2026-08-03 19:50:00.000,107
2026-08-03 19:50:00.000,2026-08-03 20:00:00.000,99
2026-08-03 20:00:00.000,2026-08-03 20:10:00.000,166
2026-08-03 20:10:00.000,2026-08-03 20:20:00.000,158
2026-08-03 20:20:00.000,2026-08-03 20:30:00.000,114
2026-08-03 20:30:00.000,2026-08-03 20:40:00.000,51
2026-08-03 20:40:00.000,2026-08-03 20:50:00.000,28
2026-08-03 20:50:00.000,2026-08-03 21:00:00.000,115
2026-08-03 21:00:00.000,2026-08-03 21:10:00.000,53
2026-08-03 21:10:00.000,2026-08-03 21:20:00.000,81
2026-08-03 21:20:00.000,2026-08-03 21:30:00.000,175
2026-08-03 21:30:00.000,2026-08-03 21:40:00.000,65
2026-08-03 21:40:00.000,2026-08-03 21:50:00.000,120
2026-08-03 21:50:00.000,2026-08-03 22:00:00.000,89
2026-08-03 22:00:00.000,2026-08-03 22:10:00.000,47
2026-08-03 22:10:00.000,2026-08-03 22:20:00.000,71
2026-08-03 22:20:00.000,2026-08-03 22:30:00.000,154
2026-08-03 22:30:00.000,2026-08-03 22:40:00.000,149
2026-08-03 22:40:00.000,2026-08-03 22:50:00.000,122
2026-08-03 22:50:00.000,2026-08-03 23:00:00.000,79
2026-08-03 23:00:00.000,2026-08-03 23:10:00.000,2
2026-08-03 23:10:00.000,2026-08-03 23:20:00.000,6
2026-08-03 23:20:00.000,2026-08-03 23:30:00.000,2
2026-08-03 23:30:00.000,2026-08-03 23:40:00.000,15
2026-08-03 23:40:00.000,2026-08-03 23:50:00.000,0
2026-08-03 23:50:00.000,2026-08-04 00:00:00.000,0
2026-08-04 00:00:00.000,2026-08-04 00:10:00.000,0
2026-08-04 00:10:00.000,2026-08-04 00:20:00.000,0
2026-08-04 00:20:00.000,2026-08-04 00:30:00.000,0
2026-08-04 00:30:00.000,2026-08-04 00:40:00.000,0
2026-08-04 00:40:00.000,2026-08-04 00:50:00.000,0
2026-08-04 00:50:00.000,2026-08-04 01:00:00.000,0
2026-08-04 01:00:00.000,2026-08-04 01:10:00.000,0
2026-08-04 01:10:00.000,2026-08-04 01:20:00.000,0
2026-08-04 01:20:00.000,2026-08-04 01:30:00.000,0
2026-08-04 01:30:00.000,2026-08-04 01:40:00.000,0
2026-08-04 01:40:00.000,2026-08-04 01:50:00.000,0
2026-08-04 01:50:00.000,2026-08-04 02:00:00.000,0
2026-08-04 02:00:00.000,2026-08-04 02:10:00.000,0
2026-08-04 02:10:00.000,2026-08-04 02:20:00.000,0
2026-08-04 02:20:00.000,2026-08-04 02:30:00.000,0
2026-08-04 02:30:00.000,2026-08-04 02:40:00.000,0
2026-08-04 02:40:00.000,2026-08-04 02:50:00.000,0
2026-08-04 02:50:00.000,2026-08-04 03:00:00.000,0
2026-08-04 03:00:00.000,2026-08-04 03:10:00.000,0
2026-08-04 03:10:00.000,2026-08-04 03:20:00.000,0
2026-08-04 03:20:00.000,2026-08-04 03:30:00.000,0
2026-08-04 03:30:00.000,2026-08-04 03:40:00.000,0
2026-08-04 03:40:00.000,2026-08-04 03:50:00.000,0
2026-08-04 03:50:00.000,2026-08-04 04:00:00.000,0
2026-08-04 04:00:00.000,2026-08-04 04:10:00.000,0
2026-08-04 04:10:00.000,2026-08-04 04:20:00.000,0
2026-08-04 04:20:00.000,2026-08-04 04:30:00.000,0
2026-08-04 04:30:00.000,2026-08-04 04:40:00.000,0
2026-08-04 04:40:00.000,2026-08-04 04:50:00.000,0
2026-08-04 04:50:00.000,2026-08-04 05:00:00.000,0
2026-08-04 05:00:00.000,2026-08-04 05:10:00.000,0
2026-08-04 05:10:00.000,2026-08-04 05:20:00.000,0
2026-08-04 05:20:00.000,2026-08-04 05:30:00.000,0
2026-08-04 05:30:00.000,2026-08-04 05:40:00.000,0
2026-08-04 05:40:00.000,2026-08-04 05:50:00.000,0
2026-08-04 05:50:00.000,2026-08-04 06:00:00.000,0
2026-08-04 06:00:00.000,2026-08-04 06:10:00.000,0
2026-08-04 06:10:00.000,2026-08-04 06:20:00.000,0
2026-08-04 06:20:00.000,2026-08-04 06:30:00.000,0
2026-08-04 06:30:00.000,2026-08-04 06:40:00.000,0
2026-08-04 06:40:00.000,2026-08-04 06:50:00.000,0
2026-08-04 06:50:00.000,2026-08-04 07:00:00.000,0
2026-08-04 07:00:00.000,2026-08-04 07:10:00.000,0
2026-08-04 07:10:00.000,2026-08-04 07:20:00.000,0
2026-08-04 07:20:00.000,2026-08-04 07:30:00.000,0
2026-08-04 07:30:00.000,2026-08-04 07:40:00.000,80
2026-08-04 07:40:00.000,2026-08-04 07:50:00.000,20
2026-08-04 07:50:00.000,2026-08-04 08:00:00.000,180
2026-08-04 08:00:00.000,2026-08-04 08:10:00.000,705
2026-08-04 08:10:00.000,2026-08-04 08:20:00.000,848
2026-08-04 08:20:00.000,2026-08-04 08:30:00.000,503
2026-08-04 08:30:00.000,2026-08-04 08:40:00.000,828
2026-08-04 08:40:00.000,2026-08-04 08:50:00.000,856
2026-08-04 08:50:00.000,2026-08-04 09:00:00.000,517
2026-08-04 09:00:00.000,2026-08-04 09:10:00.000,57
2026-08-04 09:10:00.000,2026-08-04 09:20:00.000,58
2026-08-04 09:20:00.000,2026-08-04 09:30:00.000,89
2026-08-04 09:30:00.000,2026-08-04 09:40:00.000,145
2026-08-04 09:40:00.000,2026-08-04 09:50:00.000,74
2026-08-04 09:50:00.000,2026-08-04 10:00:00.000,88
2026-08-04 10:00:00.000,2026-08-04 10:10:00.000,76
2026-08-04 10:10:00.000,2026-08-04 10:20:00.000,153
2026-08-04 10:20:00.000,2026-08-04 10:30:00.000,161
2026-08-04 10:30:00.000,2026-08-04 10:40:00.000,76
2026-08-04 10:40:00.000,2026-08-04 10:50:00.000,180
2026-08-04 10:50:00.000,2026-08-04 11:00:00.000,107
2026-08-04 11:00:00.000,2026-08-04 11:10:00.000,84
2026-08-04 11:10:00.000,2026-08-04 11:20:00.000,145
2026-08-04 11:20:00.000,2026-08-04 11:30:00.000,110
2026-08-04 11:30:00.000,2026-08-04 11:40:00.000,141
2026-08-04 11:40:00.000,2026-08-04 11:50:00.000,60
2026-08-04 11:50:00.000,2026-08-04 12:00:00.000,35
2026-08-04 12:00:00.000,2026-08-04 12:10:00.000,335
2026-08-04 12:10:00.000,2026-08-04 12:20:00.000,448
2026-08-04 12:20:00.000,2026-08-04 12:30:00.000,387
2026-08-04 12:30:00.000,2026-08-04 12:40:00.000,435
2026-08-04 12:40:00.000,2026-08-04 12:50:00.000,374
2026-08-04 12:50:00.000,2026-08-04 13:00:00.000,445
2026-08-04 13:00:00.000,2026-08-04 13:10:00.000,119
2026-08-04 13:10:00.000,2026-08-04 13:20:00.000,124
2026-08-04 13:20:00.000,2026-08-04 13:30:00.000,55
2026-08-04 13:30:00.000,2026-08-04 13:40:00.000,65
2026-08-04 13:40:00.000,2026-08-04 13:50:00.000,118
2026-08-04 13:50:00.000,2026-08-04 14:00:00.000,179
2026-08-04 14:00:00.000,2026-08-04 14:10:00.000,132
2026-08-04 14:10:00.000,2026-08-04 14:20:00.000,77
2026-08-04 14:20:00.000,2026-08-04 14:30:00.000,29
2026-08-04 14:30:00.000,2026-08-04 14:40:00.000,115
2026-08-04 14:40:00.000,2026-08-04 14:50:00.000,81
2026-08-04 14:50:00.000,2026-08-04 15:00:00.000,81
2026-08-04 15:00:00.000,2026-08-04 15:10:00.000,127
2026-08-04 15:10:00.000,2026-08-04 15:20:00.000,143
2026-08-04 15:20:00.000,2026-08-04 15:30:00.000,131
2026-08-04 15:30:00.000,2026-08-04 15:40:00.000,114
2026-08-04 15:40:00.000,2026-08-04 15:50:00.000,99
2026-08-04 15:50:00.000,2026-08-04 16:00:00.000,150
2026-08-04 16:00:00.000,2026-08-04 16:10:00.000,172
2026-08-04 16:10:00.000,2026-08-04 16:20:00.000,125
2026-08-04 16:20:00.000,2026-08-04 16:30:00.000,103
2026-08-04 16:30:00.000,2026-08-04 16:40:00.000,107
2026-08-04 16:40:00.000,2026-08-04 16:50:00.000,147
2026-08-04 16:50:00.000,2026-08-04 17:00:00.000,96
2026-08-04 17:00:00.000,2026-08-04 17:10:00.000,52
2026-08-04 17:10:00.000,2026-08-04 17:20:00.000,147
2026-08-04 17:20:00.000,2026-08-04 17:30:00.000,159
2026-08-04 17:30:00.000,2026-08-04 17:40:00.000,97
2026-08-04 17:40:00.000,2026-08-04 17:50:00.000,46
2026-08-04 17:50:00.000,2026-08-04 18:00:00.000,99
2026-08-04 18:00:00.000,2026-08-04 18:10:00.000,112
2026-08-04 18:10:00.000,2026-08-04 18:20:00.000,98
2026-08-04 18:20:00.000,2026-08-04 18:30:00.000,164
2026-08-04 18:30:00.000,2026-08-04 18:40:00.000,576
2026-08-04 18:40:00.000,2026-08-04 18:50:00.000,548
2026-08-04 18:50:00.000,2026-08-04 19:00:00.000,676
2026-08-04 19:00:00.000,2026-08-04 19:10:00.000,405
2026-08-04 19:10:00.000,2026-08-04 19:20:00.000,741
2026-08-04 19:20:00.000,2026-08-04 19:30:00.000,607
2026-08-04 19:30:00.000,2026-08-04 19:40:00.000,42
2026-08-04 19:40:00.000,2026-08-04 19:50:00.000,111
2026-08-04 19:50:00.000,2026-08-04 20:00:00.000,164
2026-08-04 20:00:00.000,2026-08-04 20:10:00.000,119
2026-08-04 20:10:00.000,2026-08-04 20:20:00.000,153
2026-08-04 20:20:00.000,2026-08-04 20:30:00.000,72
2026-08-04 20:30:00.000,2026-08-04 20:40:00.000,84
2026-08-04 20:40:00.000,2026-08-04 20:50:00.000,152
2026-08-04 20:50:00.000,2026-08-04 21:00:00.000,145
2026-08-04 21:00:00.000,2026-08-04 21:10:00.000,94
2026-08-04 21:10:00.000,2026-08-04 21:20:00.000,56
2026-08-04 21:20:00.000,2026-08-04 21:30:00.000,138
2026-08-04 21:30:00.000,2026-08-04 21:40:00.000,54
2026-08-04 21:40:00.000,2026-08-04 21:50:00.000,154
2026-08-04 21:50:00.000,2026-08-04 22:00:00.000,141
2026-08-04 22:00:00.000,2026-08-04 22:10:00.000,160
2026-08-04 22:10:00.000,2026-08-04 22:20:00.000,166
2026-08-04 22:20:00.000,2026-08-04 22:30:00.000,21
2026-08-04 22:30:00.000,2026-08-04 22:40:00.000,105
2026-08-04 22:40:00.000,2026-08-04 22:50:00.000,41
2026-08-04 22:50:00.000,2026-08-04 23:00:00.000,94
2026-08-04 23:00:00.000,2026-08-04 23:10:00.000,22
2026-08-04 23:10:00.000,2026-08-04 23:20:00.000,24
2026-08-04 23:20:00.000,2026-08-04 23:30:00.000,11
2026-08-04 23:30:00.000,2026-08-04 23:40:00.000,8
2026-08-04 23:40:00.000,2026-08-04 23:50:00.000,0
2026-08-04 23:50:00.000,2026-08-05 00:00:00.000,0
2026-08-05 00:00:00.000,2026-08-05 00:10:00.000,0
2026-08-05 00:10:00.000,2026-08-05 00:20:00.000,0
2026-08-05 00:20:00.000,2026-08-05 00:30:00.000,0
2026-08-05 00:30:00.000,2026-08-05 00:40:00.000,0
2026-08-05 00:40:00.000,2026-08-05 00:50:00.000,0
2026-08-05 00:50:00.000,2026-08-05 01:00:00.000,0
2026-08-05 01:00:00.000,2026-08-05 01:10:00.000,0
2026-08-05 01:10:00.000,2026-08-05 01:20:00.000,0
2026-08-05 01:20:00.000,2026-08-05 01:30:00.000,0
2026-08-05 01:30:00.000,2026-08-05 01:40:00.000,0
2026-08-05 01:40:00.000,2026-08-05 01:50:00.000,0
2026-08-05 01:50:00.000,2026-08-05 02:00:00.000,0
2026-08-05 02:00:00.000,2026-08-05 02:10:00.000,0
2026-08-05 02:10:00.000,2026-08-05 02:20:00.000,0
2026-08-05 02:20:00.000,2026-08-05 02:30:00.000,0
2026-08-05 02:30:00.000,2026-08-05 02:40:00.000,0
2026-08-05 02:40:00.000,2026-08-05 02:50:00.000,0
2026-08-05 02:50:00.000,2026-08-05 03:00:00.000,0
2026-08-05 03:00:00.000,2026-08-05 03:10:00.000,0
2026-08-05 03:10:00.000,2026-08-05 03:20:00.000,0
2026-08-05 03:20:00.000,2026-08-05 03:30:00.000,0
2026-08-05 03:30:00.000,2026-08-05 03:40:00.000,0
2026-08-05 03:40:00.000,2026-08-05 03:50:00.000,0
2026-08-05 03:50:00.000,2026-08-05 04:00:00.000,0
2026-08-05 04:00:00.000,2026-08-05 04:10:00.000,0
2026-08-05 04:10:00.000,2026-08-05 04:20:00.000,0
2026-08-05 04:20:00.000,2026-08-05 04:30:00.000,0
2026-08-05 04:30:00.000,2026-08-05 04:40:00.000,0
2026-08-05 04:40:00.000,2026-08-05 04:50:00.000,0
2026-08-05 04:50:00.000,2026-08-05 05:00:00.000,0
2026-08-05 05:00:00.000,2026-08-05 05:10:00.000,0
2026-08-05 05:10:00.000,2026-08-05 05:20:00.000,0
2026-08-05 05:20:00.000,2026-08-05 05:30:00.000,0
2026-08-05 05:30:00.000,2026-08-05 05:40:00.000,0
2026-08-05 05:40:00.000,2026-08-05 05:50:00.000,0
2026-08-05 05:50:00.000,2026-08-05 06:00:00.000,0
2026-08-05 06:00:00.000,2026-08-05 06:10:00.000,0
2026-08-05 06:10:00.000,2026-08-05 06:20:00.000,0
2026-08-05 06:20:00.000,2026-08-05 06:30:00.000,0
2026-08-05 06:30:00.000,2026-08-05 06:40:00.000,0
2026-08-05 06:40:00.000,2026-08-05 06:50:00.000,0
2026-08-05 06:50:00.000,2026-08-05 07:00:00.000,0
2026-08-05 07:00:00.000,2026-08-05 07:10:00.000,0
2026-08-05 07:10:00.000,2026-08-05 07:20:00.000,0
2026-08-05 07:20:00.000,2026-08-05 07:30:00.000,0
2026-08-05 07:30:00.000,2026-08-05 07:40:00.000,0
2026-08-05 07:40:00.000,2026-08-05 07:50:00.000,106
2026-08-05 07:50:00.000,2026-08-05 08:00:00.000,88
2026-08-05 08:00:00.000,2026-08-05 08:10:00.000,692
2026-08-05 08:10:00.000,2026-08-05 08:20:00.000,630
2026-08-05 08:20:00.000,2026-08-05 08:30:00.000,549
2026-08-05 08:30:00.000,2026-08-05 08:40:00.000,879
2026-08-05 08:40:00.000,2026-08-05 08:50:00.000,556
2026-08-05 08:50:00.000,2026-08-05 09:00:00.000,821
2026-08-05 09:00:00.000,2026-08-05 09:10:00.000,138
2026-08-05 09:10:00.000,2026-08-05 09:20:00.000,27
2026-08-05 09:20:00.000,2026-08-05 09:30:00.000,23
2026-08-05 09:30:00.000,2026-08-05 09:40:00.000,175
2026-08-05 09:40:00.000,2026-08-05 09:50:00.000,55
2026-08-05 09:50:00.000,2026-08-05 10:00:00.000,174
2026-08-05 10:00:00.000,2026-08-05 10:10:00.000,27
2026-08-05 10:10:00.000,2026-08-05 10:20:00.000,65
2026-08-05 10:20:00.000,2026-08-05 10:30:00.000,53
2026-08-05 10:30:00.000,2026-08-05 10:40:00.000,52
2026-08-05 10:40:00.000,2026-08-05 10:50:00.000,139
2026-08-05 10:50:00.000,2026-08-05 11:00:00.000,96
2026-08-05 11:00:00.000,2026-08-05 11:10:00.000,118
2026-08-05 11:10:00.000,2026-08-05 11:20:00.000,104
2026-08-05 11:20:00.000,2026-08-05 11:30:00.000,78
2026-08-05 11:30:00.000,2026-08-05 11:40:00.000,61
2026-08-05 11:40:00.000,2026-08-05 11:50:00.000,53
2026-08-05 11:50:00.000,2026-08-05 12:00:00.000,33
2026-08-05 12:00:00.000,2026-08-05 12:10:00.000,471
2026-08-05 12:10:00.000,2026-08-05 12:20:00.000,322
2026-08-05 12:20:00.000,2026-08-05 12:30:00.000,403
2026-08-05 12:30:00.000,2026-08-05 12:40:00.000,450
2026-08-05 12:40:00.000,2026-08-05 12:50:00.000,436
2026-08-05 12:50:00.000,2026-08-05 13:00:00.000,420
2026-08-05 13:00:00.000,2026-08-05 13:10:00.000,160
2026-08-05 13:10:00.000,2026-08-05 13:20:00.000,92
2026-08-05 13:20:00.000,2026-08-05 13:30:00.000,81
2026-08-05 13:30:00.000,2026-08-05 13:40:00.000,54
2026-08-05 13:40:00.000,2026-08-05 13:50:00.000,146
2026-08-05 13:50:00.000,2026-08-05 14:00:00.000,80
2026-08-05 14:00:00.000,2026-08-05 14:10:00.000,99
2026-08-05 14:10:00.000,2026-08-05 14:20:00.000,78
2026-08-05 14:20:00.000,2026-08-05 14:30:00.000,177
2026-08-05 14:30:00.000,2026-08-05 14:40:00.000,111
2026-08-05 14:40:00.000,2026-08-05 14:50:00.000,167
2026-08-05 14:50:00.000,2026-08-05 15:00:00.000,164
2026-08-05 15:00:00.000,2026-08-05 15:10:00.000,56
2026-08-05 15:10:00.000,2026-08-05 15:20:00.000,137
2026-08-05 15:20:00.000,2026-08-05 15:30:00.000,132
2026-08-05 15:30:00.000,2026-08-05 15:40:00.000,35
2026-08-05 15:40:00.000,2026-08-05 15:50:00.000,121
2026-08-05 15:50:00.000,2026-08-05 16:00:00.000,107
2026-08-05 16:00:00.000,2026-08-05 16:10:00.000,151
2026-08-05 16:10:00.000,2026-08-05 16:20:00.000,122
2026-08-05 16:20:00.000,2026-08-05 16:30:00.000,163
2026-08-05 16:30:00.000,2026-08-05 16:40:00.000,96
2026-08-05 16:40:00.000,2026-08-05 16:50:00.000,109
2026-08-05 16:50:00.000,2026-08-05 17:00:00.000,129
2026-08-05 17:00:00.000,2026-08-05 17:10:00.000,62
2026-08-05 17:10:00.000,2026-08-05 17:20:00.000,123
2026-08-05 17:20:00.000,2026-08-05 17:30:00.000,131
2026-08-05 17:30:00.000,2026-08-05 17:40:00.000,134
2026-08-05 17:40:00.000,2026-08-05 17:50:00.000,130
2026-08-05 17:50:00.000,2026-08-05 18:00:00.000,161
2026-08-05 18:00:00.000,2026-08-05 18:10:00.000,141
2026-08-05 18:10:00.000,2026-08-05 18:20:00.000,77
2026-08-05 18:20:00.000,2026-08-05 18:30:00.000,117
2026-08-05 18:30:00.000,2026-08-05 18:40:00.000,506
2026-08-05 18:40:00.000,2026-08-05 18:50:00.000,679
2026-08-05 18:50:00.000,2026-08-05 19:00:00.000,784
2026-08-05 19:00:00.000,2026-08-05 19:10:00.000,402
2026-08-05 19:10:00.000,2026-08-05 19:20:00.000,688
2026-08-05 19:20:00.000,2026-08-05 19:30:00.000,658
2026-08-05 19:30:00.000,2026-08-05 19:40:00.000,170
2026-08-05 19:40:00.000,2026-08-05 19:50:00.000,48
2026-08-05 19:50:00.000,2026-08-05 20:00:00.000,144
2026-08-05 20:00:00.000,2026-08-05 20:10:00.000,46
2026-08-05 20:10:00.000,2026-08-05 20:20:00.000,39
2026-08-05 20:20:00.000,2026-08-05 20:30:00.000,97
2026-08-05 20:30:00.000,2026-08-05 20:40:00.000,82
2026-08-05 20:40:00.000,2026-08-05 20:50:00.000,114
2026-08-05 20:50:00.000,2026-08-05 21:00:00.000,64
2026-08-05 21:00:00.000,2026-08-05 21:10:00.000,88
2026-08-05 21:10:00.000,2026-08-05 21:20:00.000,144
2026-08-05 21:20:00.000,2026-08-05 21:30:00.000,179
2026-08-05 21:30:00.000,2026-08-05 21:40:00.000,102
2026-08-05 21:40:00.000,2026-08-05 21:50:00.000,56
2026-08-05 21:50:00.000,2026-08-05 22:00:00.000,38
2026-08-05 22:00:00.000,2026-08-05 22:10:00.000,46
2026-08-05 22:10:00.000,2026-08-05 22:20:00.000,66
2026-08-05 22:20:00.000,2026-08-05 22:30:00.000,130
2026-08-05 22:30:00.000,2026-08-05 22:40:00.000,54
2026-08-05 22:40:00.000,2026-08-05 22:50:00.000,152
2026-08-05 22:50:00.000,2026-08-05 23:00:00.000,49
2026-08-05 23:00:00.000,2026-08-05 23:10:00.000,24
2026-08-05 23:10:00.000,2026-08-05 23:20:00.000,19
2026-08-05 23:20:00.000,2026-08-05 23:30:00.000,1
2026-08-05 23:30:00.000,2026-08-05 23:40:00.000,0
2026-08-05 23:40:00.000,2026-08-05 23:50:00.000,0
2026-08-05 23:50:00.000,2026-08-06 00:00:00.000,0
2026-08-06 00:00:00.000,2026-08-06 00:10:00.000,0
2026-08-06 00:10:00.000,2026-08-06 00:20:00.000,0
2026-08-06 00:20:00.000,2026-08-06 00:30:00.000,0
2026-08-06 00:30:00.000,2026-08-06 00:40:00.000,0
2026-08-06 00:40:00.000,2026-08-06 00:50:00.000,0
2026-08-06 00:50:00.000,2026-08-06 01:00:00.000,0
2026-08-06 01:00:00.000,2026-08-06 01:10:00.000,0
2026-08-06 01:10:00.000,2026-08-06 01:20:00.000,0
2026-08-06 01:20:00.000,2026-08-06 01:30:00.000,0
2026-08-06 01:30:00.000,2026-08-06 01:40:00.000,0
2026-08-06 01:40:00.000,2026-08-06 01:50:00.000,0
2026-08-06 01:50:00.000,2026-08-06 02:00:00.000,0
2026-08-06 02:00:00.000,2026-08-06 02:10:00.000,0
2026-08-06 02:10:00.000,2026-08-06 02:20:00.000,0
2026-08-06 02:20:00.000,2026-08-06 02:30:00.000,0
2026-08-06 02:30:00.000,2026-08-06 02:40:00.000,0
2026-08-06 02:40:00.000,2026-08-06 02:50:00.000,0
2026-08-06 02:50:00.000,2026-08-06 03:00:00.000,0
2026-08-06 03:00:00.000,2026-08-06 03:10:00.000,0
2026-08-06 03:10:00.000,2026-08-06 03:20:00.000,0
2026-08-06 03:20:00.000,2026-08-06 03:30:00.000,0
2026-08-06 03:30:00.000,2026-08-06 03:40:00.000,0
2026-08-06 03:40:00.000,2026-08-06 03:50:00.000,0
2026-08-06 03:50:00.000,2026-08-06 04:00:00.000,0
2026-08-06 04:00:00.000,2026-08-06 04:10:00.000,0
2026-08-06 04:10:00.000,2026-08-06 04:20:00.000,0
2026-08-06 04:20:00.000,2026-08-06 04:30:00.000,0
2026-08-06 04:30:00.000,2026-08-06 04:40:00.000,0
2026-08-06 04:40:00.000,2026-08-06 04:50:00.000,0
2026-08-06 04:50:00.000,2026-08-06 05:00:00.000,0
2026-08-06 05:00:00.000,2026-08-06 05:10:00.000,0
2026-08-06 05:10:00.000,2026-08-06 05:20:00.000,0
2026-08-06 05:20:00.000,2026-08-06 05:30:00.000,0
2026-08-06 05:30:00.000,2026-08-06 05:40:00.000,0
2026-08-06 05:40:00.000,2026-08-06 05:50:00.000,0
2026-08-06 05:50:00.000,2026-08-06 06:00:00.000,0
2026-08-06 06:00:00.000,2026-08-06 06:10:00.000,0
2026-08-06 06:10:00.000,2026-08-06 06:20:00.000,0
2026-08-06 06:20:00.000,2026-08-06 06:30:00.000,0
2026-08-06 06:30:00.000,2026-08-06 06:40:00.000,0
2026-08-06 06:40:00.000,2026-08-06 06:50:00.000,0
2026-08-06 06:50:00.000,2026-08-06 07:00:00.000,0
2026-08-06 07:00:00.000,2026-08-06 07:10:00.000,0
2026-08-06 07:10:00.000,2026-08-06 07:20:00.000,0
2026-08-06 07:20:00.000,2026-08-06 07:30:00.000,0
2026-08-06 07:30:00.000,2026-08-06 07:40:00.000,0
2026-08-06 07:40:00.000,2026-08-06 07:50:00.000,63
2026-08-06 07:50:00.000,2026-08-06 08:00:00.000,30
2026-08-06 08:00:00.000,2026-08-06 08:10:00.000,737
2026-08-06 08:10:00.000,2026-08-06 08:20:00.000,701
2026-08-06 08:20:00.000,2026-08-06 08:30:00.000,531
2026-08-06 08:30:00.000,2026-08-06 08:40:00.000,622
2026-08-06 08:40:00.000,2026-08-06 08:50:00.000,719
2026-08-06 08:50:00.000,2026-08-06 09:00:00.000,678
2026-08-06 09:00:00.000,2026-08-06 09:10:00.000,50
2026-08-06 09:10:00.000,2026-08-06 09:20:00.000,152
2026-08-06 09:20:00.000,2026-08-06 09:30:00.000,137
2026-08-06 09:30:00.000,2026-08-06 09:40:00.000,64
2026-08-06 09:40:00.000,2026-08-06 09:50:00.000,134
2026-08-06 09:50:00.000,2026-08-06 10:00:00.000,160
2026-08-06 10:00:00.000,2026-08-06 10:10:00.000,156
2026-08-06 10:10:00.000,2026-08-06 10:20:00.000,63
2026-08-06 10:20:00.000,2026-08-06 10:30:00.000,74
2026-08-06 10:30:00.000,2026-08-06 10:40:00.000,134
2026-08-06 10:40:00.000,2026-08-06 10:50:00.000,66
2026-08-06 10:50:00.000,2026-08-06 11:00:00.000,60
2026-08-06 11:00:00.000,2026-08-06 11:10:00.000,56
2026-08-06 11:10:00.000,2026-08-06 11:20:00.000,114
2026-08-06 11:20:00.000,2026-08-06 11:30:00.000,88
2026-08-06 11:30:00.000,2026-08-06 11:40:00.000,122
2026-08-06 11:40:00.000,2026-08-06 11:50:00.000,109
2026-08-06 11:50:00.000,2026-08-06 12:00:00.000,131
2026-08-06 12:00:00.000,2026-08-06 12:10:00.000,395
2026-08-06 12:10:00.000,2026-08-06 12:20:00.000,454
2026-08-06 12:20:00.000,2026-08-06 12:30:00.000,363
2026-08-06 12:30:00.000,2026-08-06 12:40:00.000,496
2026-08-06 12:40:00.000,2026-08-06 12:50:00.000,393
2026-08-06 12:50:00.000,2026-08-06 13:00:00.000,258
2026-08-06 13:00:00.000,2026-08-06 13:10:00.000,158
2026-08-06 13:10:00.000,2026-08-06 13:20:00.000,108
2026-08-06 13:20:00.000,2026-08-06 13:30:00.000,112
2026-08-06 13:30:00.000,2026-08-06 13:40:00.000,132
2026-08-06 13:40:00.000,2026-08-06 13:50:00.000,72
2026-08-06 13:50:00.000,2026-08-06 14:00:00.000,78
2026-08-06 14:00:00.000,2026-08-06 14:10:00.000,161
2026-08-06 14:10:00.000,2026-08-06 14:20:00.000,115
2026-08-06 14:20:00.000,2026-08-06 14:30:00.000,110
2026-08-06 14:30:00.000,2026-08-06 14:40:00.000,149
2026-08-06 14:40:00.000,2026-08-06 14:50:00.000,60
2026-08-06 14:50:00.000,2026-08-06 15:00:00.000,164
2026-08-06 15:00:00.000,2026-08-06 15:10:00.000,84
2026-08-06 15:10:00.000,2026-08-06 15:20:00.000,113
2026-08-06 15:20:00.000,2026-08-06 15:30:00.000,155
2026-08-06 15:30:00.000,2026-08-06 15:40:00.000,176
2026-08-06 15:40:00.000,2026-08-06 15:50:00.000,48
2026-08-06 15:50:00.000,2026-08-06 16:00:00.000,129
2026-08-06 16:00:00.000,2026-08-06 16:10:00.000,20
2026-08-06 16:10:00.000,2026-08-06 16:20:00.000,41
2026-08-06 16:20:00.000,2026-08-06 16:30:00.000,147
2026-08-06 16:30:00.000,2026-08-06 16:40:00.000,64
2026-08-06 16:40:00.000,2026-08-06 16:50:00.000,20
2026-08-06 16:50:00.000,2026-08-06 17:00:00.000,120
2026-08-06 17:00:00.000,2026-08-06 17:10:00.000,69
2026-08-06 17:10:00.000,2026-08-06 17:20:00.000,173
2026-08-06 17:20:00.000,2026-08-06 17:30:00.000,165
2026-08-06 17:30:00.000,2026-08-06 17:40:00.000,33
2026-08-06 17:40:00.000,2026-08-06 17:50:00.000,171
2026-08-06 17:50:00.000,2026-08-06 18:00:00.000,166
2026-08-06 18:00:00.000,2026-08-06 18:10:00.000,39
2026-08-06 18:10:00.000,2026-08-06 18:20:00.000,48
2026-08-06 18:20:00.000,2026-08-06 18:30:00.000,108
2026-08-06 18:30:00.000,2026-08-06 18:40:00.000,656
2026-08-06 18:40:00.000,2026-08-06 18:50:00.000,699
2026-08-06 18:50:00.000,2026-08-06 19:00:00.000,670
2026-08-06 19:00:00.000,2026-08-06 19:10:00.000,673
2026-08-06 19:10:00.000,2026-08-06 19:20:00.000,645
2026-08-06 19:20:00.000,2026-08-06 19:30:00.000,477
2026-08-06 19:30:00.000,2026-08-06 19:40:00.000,143
2026-08-06 19:40:00.000,2026-08-06 19:50:00.000,44
2026-08-06 19:50:00.000,2026-08-06 20:00:00.000,83
2026-08-06 20:00:00.000,2026-08-06 20:10:00.000,100
2026-08-06 20:10:00.000,2026-08-06 20:20:00.000,123
2026-08-06 20:20:00.000,2026-08-06 20:30:00.000,165
2026-08-06 20:30:00.000,2026-08-06 20:40:00.000,36
2026-08-06 20:40:00.000,2026-08-06 20:50:00.000,50
2026-08-06 20:50:00.000,2026-08-06 21:00:00.000,140
2026-08-06 21:00:00.000,2026-08-06 21:10:00.000,70
2026-08-06 21:10:00.000,2026-08-06 21:20:00.000,135
2026-08-06 21:20:00.000,2026-08-06 21:30:00.000,25
2026-08-06 21:30:00.000,2026-08-06 21:40:00.000,25
2026-08-06 21:40:00.000,2026-08-06 21:50:00.000,165
2026-08-06 21:50:00.000,2026-08-06 22:00:00.000,24
2026-08-06 22:00:00.000,2026-08-06 22:10:00.000,114
2026-08-06 22:10:00.000,2026-08-06 22:20:00.000,64
2026-08-06 22:20:00.000,2026-08-06 22:30:00.000,167
2026-08-06 22:30:00.000,2026-08-06 22:40:00.000,65
2026-08-06 22:40:00.000,2026-08-06 22:50:00.000,79
2026-08-06 22:50:00.000,2026-08-06 23:00:00.000,159
2026-08-06 23:00:00.000,2026-08-06 23:10:00.000,10
2026-08-06 23:10:00.000,2026-08-06 23:20:00.000,18
2026-08-06 23:20:00.000,2026-08-06 23:30:00.000,0
2026-08-06 23:30:00.000,2026-08-06 23:40:00.000,0
2026-08-06 23:40:00.000,2026-08-06 23:50:00.000,0
2026-08-06 23:50:00.000,2026-08-07 00:00:00.000,0
2026-08-07 00:00:00.000,2026-08-07 00:10:00.000,0
2026-08-07 00:10:00.000,2026-08-07 00:20:00.000,0
2026-08-07 00:20:00.000,2026-08-07 00:30:00.000,0
2026-08-07 00:30:00.000,2026-08-07 00:40:00.000,0
2026-08-07 00:40:00.000,2026-08-07 00:50:00.000,0
2026-08-07 00:50:00.000,2026-08-07 01:00:00.000,0
2026-08-07 01:00:00.000,2026-08-07 01:10:00.000,0
2026-08-07 01:10:00.000,2026-08-07 01:20:00.000,0
2026-08-07 01:20:00.000,2026-08-07 01:30:00.000,0
2026-08-07 01:30:00.000,2026-08-07 01:40:00.000,0
2026-08-07 01:40:00.000,2026-08-07 01:50:00.000,0
2026-08-07 01:50:00.000,2026-08-07 02:00:00.000,0
2026-08-07 02:00:00.000,2026-08-07 02:10:00.000,0
2026-08-07 02:10:00.000,2026-08-07 02:20:00.000,0
2026-08-07 02:20:00.000,2026-08-07 02:30:00.000,0
2026-08-07 02:30:00.000,2026-08-07 02:40:00.000,0
2026-08-07 02:40:00.000,2026-08-07 02:50:00.000,0
2026-08-07 02:50:00.000,2026-08-07 03:00:00.000,0
2026-08-07 03:00:00.000,2026-08-07 03:10:00.000,0
2026-08-07 03:10:00.000,2026-08-07 03:20:00.000,0
2026-08-07 03:20:00.000,2026-08-07 03:30:00.000,0
2026-08-07 03:30:00.000,2026-08-07 03:40:00.000,0
2026-08-07 03:40:00.000,2026-08-07 03:50:00.000,0
2026-08-07 03:50:00.000,2026-08-07 04:00:00.000,0
2026-08-07 04:00:00.000,2026-08-07 04:10:00.000,0
2026-08-07 04:10:00.000,2026-08-07 04:20:00.000,0
2026-08-07 04:20:00.000,2026-08-07 04:30:00.000,0
2026-08-07 04:30:00.000,2026-08-07 04:40:00.000,0
2026-08-07 04:40:00.000,2026-08-07 04:50:00.000,0
2026-08-07 04:50:00.000,2026-08-07 05:00:00.000,0
2026-08-07 05:00:00.000,2026-08-07 05:10:00.000,0
2026-08-07 05:10:00.000,2026-08-07 05:20:00.000,0
2026-08-07 05:20:00.000,2026-08-07 05:30:00.000,0
2026-08-07 05:30:00.000,2026-08-07 05:40:00.000,0
2026-08-07 05:40:00.000,2026-08-07 05:50:00.000,0
2026-08-07 05:50:00.000,2026-08-07 06:00:00.000,0
2026-08-07 06:00:00.000,2026-08-07 06:10:00.000,0
2026-08-07 06:10:00.000,2026-08-07 06:20:00.000,0
2026-08-07 06:20:00.000,2026-08-07 06:30:00.000,0
2026-08-07 06:30:00.000,2026-08-07 06:40:00.000,0
2026-08-07 06:40:00.000,2026-08-07 06:50:00.000,0
2026-08-07 06:50:00.000,2026-08-07 07:00:00.000,0
2026-08-07 07:00:00.000,2026-08-07 07:10:00.000,0
2026-08-07 07:10:00.000,2026-08-07 07:20:00.000,0
2026-08-07 07:20:00.000,2026-08-07 07:30:00.000,0
2026-08-07 07:30:00.000,2026-08-07 07:40:00.000,0
2026-08-07 07:40:00.000,2026-08-07 07:50:00.000,156
2026-08-07 07:50:00.000,2026-08-07 08:00:00.000,71
2026-08-07 08:00:00.000,2026-08-07 08:10:00.000,806
2026-08-07 08:10:00.000,2026-08-07 08:20:00.000,529
2026-08-07 08:20:00.000,2026-08-07 08:30:00.000,677
2026-08-07 08:30:00.000,2026-08-07 08:40:00.000,753
2026-08-07 08:40:00.000,2026-08-07 08:50:00.000,678
2026-08-07 08:50:00.000,2026-08-07 09:00:00.000,710
2026-08-07 09:00:00.000,2026-08-07 09:10:00.000,162
2026-08-07 09:10:00.000,2026-08-07 09:20:00.000,103
2026-08-07 09:20:00.000,2026-08-07 09:30:00.000,176
2026-08-07 09:30:00.000,2026-08-07 09:40:00.000,145
2026-08-07 09:40:00.000,2026-08-07 09:50:00.000,23
2026-08-07 09:50:00.000,2026-08-07 10:00:00.000,110
2026-08-07 10:00:00.000,2026-08-07 10:10:00.000,74
2026-08-07 10:10:00.000,2026-08-07 10:20:00.000,171
2026-08-07 10:20:00.000,2026-08-07 10:30:00.000,38
2026-08-07 10:30:00.000,2026-08-07 10:40:00.000,54
2026-08-07 10:40:00.000,2026-08-07 10:50:00.000,38
2026-08-07 10:50:00.000,2026-08-07 11:00:00.000,30
2026-08-07 11:00:00.000,2026-08-07 11:10:00.000,166
2026-08-07 11:10:00.000,2026-08-07 11:20:00.000,82
2026-08-07 11:20:00.000,2026-08-07 11:30:00.000,141
2026-08-07 11:30:00.000,2026-08-07 11:40:00.000,123
2026-08-07 11:40:00.000,2026-08-07 11:50:00.000,176
2026-08-07 11:50:00.000,2026-08-07 12:00:00.000,128
2026-08-07 12:00:00.000,2026-08-07 12:10:00.000,314
2026-08-07 12:10:00.000,2026-08-07 12:20:00.000,425
2026-08-07 12:20:00.000,2026-08-07 12:30:00.000,451
2026-08-07 12:30:00.000,2026-08-07 12:40:00.000,252
2026-08-07 12:40:00.000,2026-08-07 12:50:00.000,301
2026-08-07 12:50:00.000,2026-08-07 13:00:00.000,465
2026-08-07 13:00:00.000,2026-08-07 13:10:00.000,144
2026-08-07 13:10:00.000,2026-08-07 13:20:00.000,39
2026-08-07 13:20:00.000,2026-08-07 13:30:00.000,38
2026-08-07 13:30:00.000,2026-08-07 13:40:00.000,174
2026-08-07 13:40:00.000,2026-08-07 13:50:00.000,108
2026-08-07 13:50:00.000,2026-08-07 14:00:00.000,161
2026-08-07 14:00:00.000,2026-08-07 14:10:00.000,84
2026-08-07 14:10:00.000,2026-08-07 14:20:00.000,142
2026-08-07 14:20:00.000,2026-08-07 14:30:00.000,51
2026-08-07 14:30:00.000,2026-08-07 14:40:00.000,28
2026-08-07 14:40:00.000,2026-08-07 14:50:00.000,59
2026-08-07 14:50:00.000,2026-08-07 15:00:00.000,176
2026-08-07 15:00:00.000,2026-08-07 15:10:00.000,87
2026-08-07 15:10:00.000,2026-08-07 15:20:00.000,67
2026-08-07 15:20:00.000,2026-08-07 15:30:00.000,153
2026-08-07 15:30:00.000,2026-08-07 15:40:00.000,118
2026-08-07 15:40:00.000,2026-08-07 15:50:00.000,108
2026-08-07 15:50:00.000,2026-08-07 16:00:00.000,52
2026-08-07 16:00:00.000,2026-08-07 16:10:00.000,95
2026-08-07 16:10:00.000,2026-08-07 16:20:00.000,34
2026-08-07 16:20:00.000,2026-08-07 16:30:00.000,104
2026-08-07 16:30:00.000,2026-08-07 16:40:00.000,103
2026-08-07 16:40:00.000,2026-08-07 16:50:00.000,24
2026-08-07 16:50:00.000,2026-08-07 17:00:00.000,144
2026-08-07 17:00:00.000,2026-08-07 17:10:00.000,97
2026-08-07 17:10:00.000,2026-08-07 17:20:00.000,32
2026-08-07 17:20:00.000,2026-08-07 17:30:00.000,79
2026-08-07 17:30:00.000,2026-08-07 17:40:00.000,105
2026-08-07 17:40:00.000,2026-08-07 17:50:00.000,22
2026-08-07 17:50:00.000,2026-08-07 18:00:00.000,41
2026-08-07 18:00:00.000,2026-08-07 18:10:00.000,53
2026-08-07 18:10:00.000,2026-08-07 18:20:00.000,175
2026-08-07 18:20:00.000,2026-08-07 18:30:00.000,33
2026-08-07 18:30:00.000,2026-08-07 18:40:00.000,753
2026-08-07 18:40:00.000,2026-08-07 18:50:00.000,564
2026-08-07 18:50:00.000,2026-08-07 19:00:00.000,434
2026-08-07 19:00:00.000,2026-08-07 19:10:00.000,647
2026-08-07 19:10:00.000,2026-08-07 19:20:00.000,485
2026-08-07 19:20:00.000,2026-08-07 19:30:00.000,784
2026-08-07 19:30:00.000,2026-08-07 19:40:00.000,40
2026-08-07 19:40:00.000,2026-08-07 19:50:00.000,31
2026-08-07 19:50:00.000,2026-08-07 20:00:00.000,162
2026-08-07 20:00:00.000,2026-08-07 20:10:00.000,35
2026-08-07 20:10:00.000,2026-08-07 20:20:00.000,68
2026-08-07 20:20:00.000,2026-08-07 20:30:00.000,132
2026-08-07 20:30:00.000,2026-08-07 20:40:00.000,164
2026-08-07 20:40:00.000,2026-08-07 20:50:00.000,146
2026-08-07 20:50:00.000,2026-08-07 21:00:00.000,96
2026-08-07 21:00:00.000,2026-08-07 21:10:00.000,135
2026-08-07 21:10:00.000,2026-08-07 21:20:00.000,136
2026-08-07 21:20:00.000,2026-08-07 21:30:00.000,88
2026-08-07 21:30:00.000,2026-08-07 21:40:00.000,143
2026-08-07 21:40:00.000,2026-08-07 21:50:00.000,113
2026-08-07 21:50:00.000,2026-08-07 22:00:00.000,32
2026-08-07 22:00:00.000,2026-08-07 22:10:00.000,114
2026-08-07 22:10:00.000,2026-08-07 22:20:00.000,140
2026-08-07 22:20:00.000,2026-08-07 22:30:00.000,40
2026-08-07 22:30:00.000,2026-08-07 22:40:00.000,47
2026-08-07 22:40:00.000,2026-08-07 22:50:00.000,62
2026-08-07 22:50:00.000,2026-08-07 23:00:00.000,60
2026-08-07 23:00:00.000,2026-08-07 23:10:00.000,13
2026-08-07 23:10:00.000,2026-08-07 23:20:00.000,19
2026-08-07 23:20:00.000,2026-08-07 23:30:00.000,18
2026-08-07 23:30:00.000,2026-08-07 23:40:00.000,4
2026-08-07 23:40:00.000,2026-08-07 23:50:00.000,12
2026-08-07 23:50:00.000,2026-08-08 00:00:00.000,12
2026-08-08 00:00:00.000,2026-08-08 00:10:00.000,0
2026-08-08 00:10:00.000,2026-08-08 00:20:00.000,0
2026-08-08 00:20:00.000,2026-08-08 00:30:00.000,0
2026-08-08 00:30:00.000,2026-08-08 00:40:00.000,0
2026-08-08 00:40:00.000,2026-08-08 00:50:00.000,0
2026-08-08 00:50:00.000,2026-08-08 01:00:00.000,0
2026-08-08 01:00:00.000,2026-08-08 01:10:00.000,0
2026-08-08 01:10:00.000,2026-08-08 01:20:00.000,0
2026-08-08 01:20:00.000,2026-08-08 01:30:00.000,0
2026-08-08 01:30:00.000,2026-08-08 01:40:00.000,0
2026-08-08 01:40:00.000,2026-08-08 01:50:00.000,0
2026-08-08 01:50:00.000,2026-08-08 02:00:00.000,0
2026-08-08 02:00:00.000,2026-08-08 02:10:00.000,0
2026-08-08 02:10:00.000,2026-08-08 02:20:00.000,0
2026-08-08 02:20:00.000,2026-08-08 02:30:00.000,0
2026-08-08 02:30:00.000,2026-08-08 02:40:00.000,0
2026-08-08 02:40:00.000,2026-08-08 02:50:00.000,0
2026-08-08 02:50:00.000,2026-08-08 03:00:00.000,0
2026-08-08 03:00:00.000,2026-08-08 03:10:00.000,0
2026-08-08 03:10:00.000,2026-08-08 03:20:00.000,0
2026-08-08 03:20:00.000,2026-08-08 03:30:00.000,0
2026-08-08 03:30:00.000,2026-08-08 03:40:00.000,0
2026-08-08 03:40:00.000,2026-08-08 03:50:00.000,0
2026-08-08 03:50:00.000,2026-08-08 04:00:00.000,0
2026-08-08 04:00:00.000,2026-08-08 04:10:00.000,0
2026-08-08 04:10:00.000,2026-08-08 04:20:00.000,0
2026-08-08 04:20:00.000,2026-08-08 04:30:00.000,0
2026-08-08 04:30:00.000,2026-08-08 04:40:00.000,0
2026-08-08 04:40:00.000,2026-08-08 04:50:00.000,0
2026-08-08 04:50:00.000,2026-08-08 05:00:00.000,0
2026-08-08 05:00:00.000,2026-08-08 05:10:00.000,0
2026-08-08 05:10:00.000,2026-08-08 05:20:00.000,0
2026-08-08 05:20:00.000,2026-08-08 05:30:00.000,0
2026-08-08 05:30:00.000,2026-08-08 05:40:00.000,0
2026-08-08 05:40:00.000,2026-08-08 05:50:00.000,0
2026-08-08 05:50:00.000,2026-08-08 06:00:00.000,0
2026-08-08 06:00:00.000,2026-08-08 06:10:00.000,0
2026-08-08 06:10:00.000,2026-08-08 06:20:00.000,0
2026-08-08 06:20:00.000,2026-08-08 06:30:00.000,0
2026-08-08 06:30:00.000,2026-08-08 06:40:00.000,0
2026-08-08 06:40:00.000,2026-08-08 06:50:00.000,0
2026-08-08 06:50:00.000,2026-08-08 07:00:00.000,0
2026-08-08 07:00:00.000,2026-08-08 07:10:00.000,0
2026-08-08 07:10:00.000,2026-08-08 07:20:00.000,0
2026-08-08 07:20:00.000,2026-08-08 07:30:00.000,0
2026-08-08 07:30:00.000,2026-08-08 07:40:00.000,0
2026-08-08 07:40:00.000,2026-08-08 07:50:00.000,0
2026-08-08 07:50:00.000,2026-08-08 08:00:00.000,39
2026-08-08 08:00:00.000,2026-08-08 08:10:00.000,812
2026-08-08 08:10:00.000,2026-08-08 08:20:00.000,672
2026-08-08 08:20:00.000,2026-08-08 08:30:00.000,733
2026-08-08 08:30:00.000,2026-08-08 08:40:00.000,557
2026-08-08 08:40:00.000,2026-08-08 08:50:00.000,672
2026-08-08 08:50:00.000,2026-08-08 09:00:00.000,822
2026-08-08 09:00:00.000,2026-08-08 09:10:00.000,60
2026-08-08 09:10:00.000,2026-08-08 09:20:00.000,66
2026-08-08 09:20:00.000,2026-08-08 09:30:00.000,168
2026-08-08 09:30:00.000,2026-08-08 09:40:00.000,86
2026-08-08 09:40:00.000,2026-08-08 09:50:00.000,153
2026-08-08 09:50:00.000,2026-08-08 10:00:00.000,134
2026-08-08 10:00:00.000,2026-08-08 10:10:00.000,137
2026-08-08 10:10:00.000,2026-08-08 10:20:00.000,100
2026-08-08 10:20:00.000,2026-08-08 10:30:00.000,82
2026-08-08 10:30:00.000,2026-08-08 10:40:00.000,167
2026-08-08 10:40:00.000,2026-08-08 10:50:00.000,92
2026-08-08 10:50:00.000,2026-08-08 11:00:00.000,97
2026-08-08 11:00:00.000,2026-08-08 11:10:00.000,62
2026-08-08 11:10:00.000,2026-08-08 11:20:00.000,57
2026-08-08 11:20:00.000,2026-08-08 11:30:00.000,100
2026-08-08 11:30:00.000,2026-08-08 11:40:00.000,177
2026-08-08 11:40:00.000,2026-08-08 11:50:00.000,43
2026-08-08 11:50:00.000,2026-08-08 12:00:00.000,33
2026-08-08 12:00:00.000,2026-08-08 12:10:00.000,477
2026-08-08 12:10:00.000,2026-08-08 12:20:00.000,467
2026-08-08 12:20:00.000,2026-08-08 12:30:00.000,409
2026-08-08 12:30:00.000,2026-08-08 12:40:00.000,304
2026-08-08 12:40:00.000,2026-08-08 12:50:00.000,476
2026-08-08 12:50:00.000,2026-08-08 13:00:00.000,260
2026-08-08 13:00:00.000,2026-08-08 13:10:00.000,108
2026-08-08 13:10:00.000,2026-08-08 13:20:00.000,80
2026-08-08 13:20:00.000,2026-08-08 13:30:00.000,41
2026-08-08 13:30:00.000,2026-08-08 13:40:00.000,162
2026-08-08 13:40:00.000,2026-08-08 13:50:00.000,83
2026-08-08 13:50:00.000,2026-08-08 14:00:00.000,37
2026-08-08 14:00:00.000,2026-08-08 14:10:00.000,176
2026-08-08 14:10:00.000,2026-08-08 14:20:00.000,133
2026-08-08 14:20:00.000,2026-08-08 14:30:00.000,60
2026-08-08 14:30:00.000,2026-08-08 14:40:00.000,46
2026-08-08 14:40:00.000,2026-08-08 14:50:00.000,39
2026-08-08 14:50:00.000,2026-08-08 15:00:00.000,95
2026-08-08 15:00:00.000,2026-08-08 15:10:00.000,84
2026-08-08 15:10:00.000,2026-08-08 15:20:00.000,72
2026-08-08 15:20:00.000,2026-08-08 15:30:00.000,118
2026-08-08 15:30:00.000,2026-08-08 15:40:00.000,178
2026-08-08 15:40:00.000,2026-08-08 15:50:00.000,165
2026-08-08 15:50:00.000,2026-08-08 16:00:00.000,94
2026-08-08 16:00:00.000,2026-08-08 16:10:00.000,145
2026-08-08 16:10:00.000,2026-08-08 16:20:00.000,32
2026-08-08 16:20:00.000,2026-08-08 16:30:00.000,119
2026-08-08 16:30:00.000,2026-08-08 16:40:00.000,70
2026-08-08 16:40:00.000,2026-08-08 16:50:00.000,173
2026-08-08 16:50:00.000,2026-08-08 17:00:00.000,36
2026-08-08 17:00:00.000,2026-08-08 17:10:00.000,78
2026-08-08 17:10:00.000,2026-08-08 17:20:00.000,157
2026-08-08 17:20:00.000,2026-08-08 17:30:00.000,74
2026-08-08 17:30:00.000,2026-08-08 17:40:00.000,54
2026-08-08 17:40:00.000,2026-08-08 17:50:00.000,21
2026-08-08 17:50:00.000,2026-08-08 18:00:00.000,166
2026-08-08 18:00:00.000,2026-08-08 18:10:00.000,124
2026-08-08 18:10:00.000,2026-08-08 18:20:00.000,30
2026-08-08 18:20:00.000,2026-08-08 18:30:00.000,79
2026-08-08 18:30:00.000,2026-08-08 18:40:00.000,428
2026-08-08 18:40:00.000,2026-08-08 18:50:00.000,737
2026-08-08 18:50:00.000,2026-08-08 19:00:00.000,773
2026-08-08 19:00:00.000,2026-08-08 19:10:00.000,423
2026-08-08 19:10:00.000,2026-08-08 19:20:00.000,607
2026-08-08 19:20:00.000,2026-08-08 19:30:00.000,579
2026-08-08 19:30:00.000,2026-08-08 19:40:00.000,47
2026-08-08 19:40:00.000,2026-08-08 19:50:00.000,142
2026-08-08 19:50:00.000,2026-08-08 20:00:00.000,103
2026-08-08 20:00:00.000,2026-08-08 20:10:00.000,88
2026-08-08 20:10:00.000,2026-08-08 20:20:00.000,96
2026-08-08 20:20:00.000,2026-08-08 20:30:00.000,106
2026-08-08 20:30:00.000,2026-08-08 20:40:00.000,111
2026-08-08 20:40:00.000,2026-08-08 20:50:00.000,165
2026-08-08 20:50:00.000,2026-08-08 21:00:00.000,167
2026-08-08 21:00:00.000,2026-08-08 21:10:00.000,35
2026-08-08 21:10:00.000,2026-08-08 21:20:00.000,48
2026-08-08 21:20:00.000,2026-08-08 21:30:00.000,127
2026-08-08 21:30:00.000,2026-08-08 21:40:00.000,49
2026-08-08 21:40:00.000,2026-08-08 21:50:00.000,135
2026-08-08 21:50:00.000,2026-08-08 22:00:00.000,33
2026-08-08 22:00:00.000,2026-08-08 22:10:00.000,41
2026-08-08 22:10:00.000,2026-08-08 22:20:00.000,23
2026-08-08 22:20:00.000,2026-08-08 22:30:00.000,150
2026-08-08 22:30:00.000,2026-08-08 22:40:00.000,43
2026-08-08 22:40:00.000,2026-08-08 22:50:00.000,29
2026-08-08 22:50:00.000,2026-08-08 23:00:00.000,96
2026-08-08 23:00:00.000,2026-08-08 23:10:00.000,24
2026-08-08 23:10:00.000,2026-08-08 23:20:00.000,7
2026-08-08 23:20:00.000,2026-08-08 23:30:00.000,11
2026-08-08 23:30:00.000,2026-08-08 23:40:00.000,21
2026-08-08 23:40:00.000,2026-08-08 23:50:00.000,9
2026-08-08 23:50:00.000,2026-08-09 00:00:00.000,8
2026-08-09 00:00:00.000,2026-08-09 00:10:00.000,0
2026-08-09 00:10:00.000,2026-08-09 00:20:00.000,0
2026-08-09 00:20:00.000,2026-08-09 00:30:00.000,0
2026-08-09 00:30:00.000,2026-08-09 00:40:00.000,0
2026-08-09 00:40:00.000,2026-08-09 00:50:00.000,0
2026-08-09 00:50:00.000,2026-08-09 01:00:00.000,0
2026-08-09 01:00:00.000,2026-08-09 01:10:00.000,0
2026-08-09 01:10:00.000,2026-08-09 01:20:00.000,0
2026-08-09 01:20:00.000,2026-08-09 01:30:00.000,0
2026-08-09 01:30:00.000,2026-08-09 01:40:00.000,0
2026-08-09 01:40:00.000,2026-08-09 01:50:00.000,0
2026-08-09 01:50:00.000,2026-08-09 02:00:00.000,0
2026-08-09 02:00:00.000,2026-08-09 02:10:00.000,0
2026-08-09 02:10:00.000,2026-08-09 02:20:00.000,0
2026-08-09 02:20:00.000,2026-08-09 02:30:00.000,0
2026-08-09 02:30:00.000,2026-08-09 02:40:00.000,0
2026-08-09 02:40:00.000,2026-08-09 02:50:00.000,0
2026-08-09 02:50:00.000,2026-08-09 03:00:00.000,0
2026-08-09 03:00:00.000,2026-08-09 03:10:00.000,0
2026-08-09 03:10:00.000,2026-08-09 03:20:00.000,0
2026-08-09 03:20:00.000,2026-08-09 03:30:00.000,0
2026-08-09 03:30:00.000,2026-08-09 03:40:00.000,0
2026-08-09 03:40:00.000,2026-08-09 03:50:00.000,0
2026-08-09 03:50:00.000,2026-08-09 04:00:00.000,0
2026-08-09 04:00:00.000,2026-08-09 04:10:00.000,0
2026-08-09 04:10:00.000,2026-08-09 04:20:00.000,0
2026-08-09 04:20:00.000,2026-08-09 04:30:00.000,0
2026-08-09 04:30:00.000,2026-08-09 04:40:00.000,0
2026-08-09 04:40:00.000,2026-08-09 04:50:00.000,0
2026-08-09 04:50:00.000,2026-08-09 05:00:00.000,0
2026-08-09 05:00:00.000,2026-08-09 05:10:00.000,0
2026-08-09 05:10:00.000,2026-08-09 05:20:00.000,0
2026-08-09 05:20:00.000,2026-08-09 05:30:00.000,0
2026-08-09 05:30:00.000,2026-08-09 05:40:00.000,0
2026-08-09 05:40:00.000,2026-08-09 05:50:00.000,0
2026-08-09 05:50:00.000,2026-08-09 06:00:00.000,0
2026-08-09 06:00:00.000,2026-08-09 06:10:00.000,0
2026-08-09 06:10:00.000,2026-08-09 06:20:00.000,0
2026-08-09 06:20:00.000,2026-08-09 06:30:00.000,0
2026-08-09 06:30:00.000,2026-08-09 06:40:00.000,0
2026-08-09 06:40:00.000,2026-08-09 06:50:00.000,0
2026-08-09 06:50:00.000,2026-08-09 07:00:00.000,0
2026-08-09 07:00:00.000,2026-08-09 07:10:00.000,0
2026-08-09 07:10:00.000,2026-08-09 07:20:00.000,0
2026-08-09 07:20:00.000,2026-08-09 07:30:00.000,0
2026-08-09 07:30:00.000,2026-08-09 07:40:00.000,0
2026-08-09 07:40:00.000,2026-08-09 07:50:00.000,0
2026-08-09 07:50:00.000,2026-08-09 08:00:00.000,0
2026-08-09 08:00:00.000,2026-08-09 08:10:00.000,846
2026-08-09 08:10:00.000,2026-08-09 08:20:00.000,526
2026-08-09 08:20:00.000,2026-08-09 08:30:00.000,770
2026-08-09 08:30:00.000,2026-08-09 08:40:00.000,573
2026-08-09 08:40:00.000,2026-08-09 08:50:00.000,752
2026-08-09 08:50:00.000,2026-08-09 09:00:00.000,506
2026-08-09 09:00:00.000,2026-08-09 09:10:00.000,87
2026-08-09 09:10:00.000,2026-08-09 09:20:00.000,54
2026-08-09 09:20:00.000,2026-08-09 09:30:00.000,115
2026-08-09 09:30:00.000,2026-08-09 09:40:00.000,36
2026-08-09 09:40:00.000,2026-08-09 09:50:00.000,130
2026-08-09 09:50:00.000,2026-08-09 10:00:00.000,101
2026-08-09 10:00:00.000,2026-08-09 10:10:00.000,120
2026-08-09 10:10:00.000,2026-08-09 10:20:00.000,164
2026-08-09 10:20:00.000,2026-08-09 10:30:00.000,96
2026-08-09 10:30:00.000,2026-08-09 10:40:00.000,128
2026-08-09 10:40:00.000,2026-08-09 10:50:00.000,26
2026-08-09 10:50:00.000,2026-08-09 11:00:00.000,113
2026-08-09 11:00:00.000,2026-08-09 11:10:00.000,67
2026-08-09 11:10:00.000,2026-08-09 11:20:00.000,26
2026-08-09 11:20:00.000,2026-08-09 11:30:00.000,135
2026-08-09 11:30:00.000,2026-08-09 11:40:00.000,51
2026-08-09 11:40:00.000,2026-08-09 11:50:00.000,169
2026-08-09 11:50:00.000,2026-08-09 12:00:00.000,27
2026-08-09 12:00:00.000,2026-08-09 12:10:00.000,414
2026-08-09 12:10:00.000,2026-08-09 12:20:00.000,428
2026-08-09 12:20:00.000,2026-08-09 12:30:00.000,410
2026-08-09 12:30:00.000,2026-08-09 12:40:00.000,322
2026-08-09 12:40:00.000,2026-08-09 12:50:00.000,343
2026-08-09 12:50:00.000,2026-08-09 13:00:00.000,260
2026-08-09 13:00:00.000,2026-08-09 13:10:00.000,79
2026-08-09 13:10:00.000,2026-08-09 13:20:00.000,42
2026-08-09 13:20:00.000,2026-08-09 13:30:00.000,48
2026-08-09 13:30:00.000,2026-08-09 13:40:00.000,34
2026-08-09 13:40:00.000,2026-08-09 13:50:00.000,102
2026-08-09 13:50:00.000,2026-08-09 14:00:00.000,116
2026-08-09 14:00:00.000,2026-08-09 14:10:00.000,64
2026-08-09 14:10:00.000,2026-08-09 14:20:00.000,101
2026-08-09 14:20:00.000,2026-08-09 14:30:00.000,103
2026-08-09 14:30:00.000,2026-08-09 14:40:00.000,170
2026-08-09 14:40:00.000,2026-08-09 14:50:00.000,133
2026-08-09 14:50:00.000,2026-08-09 15:00:00.000,70
2026-08-09 15:00:00.000,2026-08-09 15:10:00.000,172
2026-08-09 15:10:00.000,2026-08-09 15:20:00.000,164
2026-08-09 15:20:00.000,2026-08-09 15:30:00.000,137
2026-08-09 15:30:00.000,2026-08-09 15:40:00.000,142
2026-08-09 15:40:00.000,2026-08-09 15:50:00.000,165
2026-08-09 15:50:00.000,2026-08-09 16:00:00.000,155
2026-08-09 16:00:00.000,2026-08-09 16:10:00.000,116
2026-08-09 16:10:00.000,2026-08-09 16:20:00.000,98
2026-08-09 16:20:00.000,2026-08-09 16:30:00.000,49
2026-08-09 16:30:00.000,2026-08-09 16:40:00.000,92
2026-08-09 16:40:00.000,2026-08-09 16:50:00.000,167
2026-08-09 16:50:00.000,2026-08-09 17:00:00.000,134
2026-08-09 17:00:00.000,2026-08-09 17:10:00.000,157
2026-08-09 17:10:00.000,2026-08-09 17:20:00.000,58
2026-08-09 17:20:00.000,2026-08-09 17:30:00.000,163
2026-08-09 17:30:00.000,2026-08-09 17:40:00.000,119
2026-08-09 17:40:00.000,2026-08-09 17:50:00.000,67
2026-08-09 17:50:00.000,2026-08-09 18:00:00.000,101
2026-08-09 18:00:00.000,2026-08-09 18:10:00.000,109
2026-08-09 18:10:00.000,2026-08-09 18:20:00.000,35
2026-08-09 18:20:00.000,2026-08-09 18:30:00.000,172
2026-08-09 18:30:00.000,2026-08-09 18:40:00.000,761
2026-08-09 18:40:00.000,2026-08-09 18:50:00.000,785
2026-08-09 18:50:00.000,2026-08-09 19:00:00.000,610
2026-08-09 19:00:00.000,2026-08-09 19:10:00.000,539
2026-08-09 19:10:00.000,2026-08-09 19:20:00.000,785
2026-08-09 19:20:00.000,2026-08-09 19:30:00.000,715
2026-08-09 19:30:00.000,2026-08-09 19:40:00.000,74
2026-08-09 19:40:00.000,2026-08-09 19:50:00.000,60
2026-08-09 19:50:00.000,2026-08-09 20:00:00.000,95
2026-08-09 20:00:00.000,2026-08-09 20:10:00.000,157
2026-08-09 20:10:00.000,2026-08-09 20:20:00.000,77
2026-08-09 20:20:00.000,2026-08-09 20:30:00.000,23
2026-08-09 20:30:00.000,2026-08-09 20:40:00.000,148
2026-08-09 20:40:00.000,2026-08-09 20:50:00.000,173
2026-08-09 20:50:00.000,2026-08-09 21:00:00.000,66
2026-08-09 21:00:00.000,2026-08-09 21:10:00.000,176
2026-08-09 21:10:00.000,2026-08-09 21:20:00.000,76
2026-08-09 21:20:00.000,2026-08-09 21:30:00.000,119
2026-08-09 21:30:00.000,2026-08-09 21:40:00.000,154
2026-08-09 21:40:00.000,2026-08-09 21:50:00.000,137
2026-08-09 21:50:00.000,2026-08-09 22:00:00.000,21
2026-08-09 22:00:00.000,2026-08-09 22:10:00.000,90
2026-08-09 22:10:00.000,2026-08-09 22:20:00.000,34
2026-08-09 22:20:00.000,2026-08-09 22:30:00.000,93
2026-08-09 22:30:00.000,2026-08-09 22:40:00.000,134
2026-08-09 22:40:00.000,2026-08-09 22:50:00.000,71
2026-08-09 22:50:00.000,2026-08-09 23:00:00.000,92
2026-08-09 23:00:00.000,2026-08-09 23:10:00.000,3
2026-08-09 23:10:00.000,2026-08-09 23:20:00.000,25
2026-08-09 23:20:00.000,2026-08-09 23:30:00.000,12
2026-08-09 23:30:00.000,2026-08-09 23:40:00.000,24
2026-08-09 23:40:00.000,2026-08-09 23:50:00.000,0
2026-08-09 23:50:00.000,2026-08-10 00:00:00.000,0
