subject_id,period,diary_date,bedtime,lights_off,sleep_latency_min,waso_min,n_awakenings,final_awake,out_of_bed
S01,baseline,2026-03-03,21:58,22:08,73,106,3,06:46,06:51
S01,baseline,2026-03-04,22:29,22:34,64,70,2,06:34,06:42
S01,baseline,2026-03-05,23:03,23:03,49,74,2,07:49,07:57
S01,baseline,2026-03-06,21:49,21:59,94,,2,06:44,06:56
S01,baseline,2026-03-07,23:26,23:31,82,100,2,06:59,07:07
S01,baseline,2026-03-08,22:33,22:33,95,72,2,07:08,07:16
S01,baseline,2026-03-09,22:18,22:18,80,113,2,05:57,06:05
S02,baseline,2026-03-03,21:50,21:50,46,17,3,05:36,05:41
S02,baseline,2026-03-04,21:39,21:54,14,28,3,04:54,05:02
S02,baseline,2026-03-05,21:43,21:53,20,0,2,05:19,05:24
S02,baseline,2026-03-06,22:25,22:25,6,33,2,7:05 AM,07:12
S02,baseline,2026-03-07,22:01,오후 11시 40분,36,17,3,05:44,05:56
S02,baseline,2026-03-08,21:57,22:07,23,0,3,05:09,05:17
S02,baseline,2026-03-09,22:35,22:40,3,47,3,05:50,05:58
S03,baseline,2026-03-03,00:01,00:16,55,13,3,07:46,07:51
S03,baseline,2026-03-04,23:27,23:32,13,56,1,07:45,07:53
S03,baseline,2026-03-05,23:57,00:02,71,20,4,08:01,08:21
S03,baseline,2026-03-06,00:07,00:17,34,40,3,07:14,07:19
S03,baseline,2026-03-07,23:10,23:25,63,20,3,07:16,07:21
S03,baseline,2026-03-08,23:22,23:32,56,8,4,07:18,07:38
S03,baseline,2026-03-09,23:34,23:39,33,18,4,06:53,06:58
S04,baseline,2026-03-03,23:29,23:34,45,17,4,06:32,06:37
S04,baseline,2026-03-04,23:03,23:18,54,30,2,05:45,05:50
S04,baseline,2026-03-05,22:13,22:18,78,16,3,05:52,05:57
S04,baseline,2026-03-06,23:33,23:33,69,0,4,07:44,07:46
S04,baseline,2026-03-07,22:57,23:07,1시간 10분,47,5,06:14,06:16
S04,baseline,2026-03-08,23:56,00:06,59,26,2,08:22,08:24
S04,baseline,2026-03-09,23:07,23:12,31,30,4,06:42,07:02
S05,baseline,2026-03-03,22:53,23:03,43,93,3,06:37,06:45
S05,baseline,2026-03-04,23:36,23:36,36,57,3,06:56,07:16
S05,baseline,2026-03-05,23:19,23:34,66,58,2,06:35,06:55
S05,baseline,2026-03-06,22:38,22:43,51,67,3,06:09,06:11
S05,baseline,2026-03-07,22:52,22:52,70,44,5,06:49,06:57
S05,baseline,2026-03-08,23:24,23:24,54,20,3,07:09,07:29
S05,baseline,2026-03-09,23:34,23:34,42,37,1,07:52,08:12
S06,baseline,2026-03-03,23:30,23:35,100,57,1,08:28,08:40
S06,baseline,2026-03-04,00:22,00:37,129,31,3,08:38,08:43
S06,baseline,2026-03-05,00:59,01:04,114,44,4,09:18,09:38
S06,baseline,2026-03-06,23:03,23:18,111,41,2,07:16,07:18
S06,baseline,2026-03-07,00:05,00:20,97,33,2,07:56,07:58
S06,baseline,2026-03-08,23:10,23:25,113,61,2,08:21,N/A
S06,baseline,2026-03-09,00:10,00:20,104,38,4,25:70,09:32
S07,baseline,2026-03-03,22:16,22:16,93,84,3,06:09,06:04
S07,baseline,2026-03-04,22:08,22:13,76,48,2,05:52,05:57
S07,baseline,2026-03-05,22:21,22:36,68,27,3,05:30,05:32
S07,baseline,2026-03-06,22:27,22:27,68,21,4,05:34,05:39
S07,baseline,2026-03-07,22:17,22:22,77,50,4,04:36,04:41
S07,baseline,2026-03-08,22:06,22:06,41,56,4,05:37,05:45
S07,baseline,2026-03-09,22:53,22:53,75,85,3,06:49,07:01
S08,baseline,2026-03-03,21:29,21:44,54,100,3,06:08,06:13
S08,baseline,2026-03-04,22:08,22:23,23,125,2,06:53,07:05
S08,baseline,2026-03-05,21:46,22:01,66,87,3,05:46,05:58
S08,baseline,2026-03-06,22:07,22:12,39,68,3,05:59,06:04
S08,baseline,2026-03-07,21:37,21:52,49,110,2,05:59,06:19
S08,baseline,2026-03-08,22:28,22:38,35,97,1,06:55,07:00
S08,baseline,2026-03-09,22:28,22:43,59,91,4,05:41,05:46
S09,baseline,2026-03-03,23:46,23:56,35,57,4,06:51,06:56
S09,baseline,2026-03-04,22:17,22:27,52,60,3,06:24,06:32
S09,baseline,2026-03-05,23:57,00:02,37,77,1,07:26,07:34
S09,baseline,2026-03-06,23:44,23:49,46,64,1,08:03,08:08
S09,baseline,2026-03-07,00:00,00:15,-15,46,3,07:37,07:49
S09,baseline,2026-03-08,23:16,23:31,19,76,5,07:19,07:27
S09,baseline,2026-03-09,23:20,23:20,20,49,2,06:46,06:48
S10,baseline,2026-03-03,00:21,00:36,37,46,3,07:32,07:34
S10,baseline,2026-03-04,00:01,00:11,38,58,3,07:42,07:54
S10,baseline,2026-03-05,00:05,00:15,39,61,4,06:45,06:57
S10,baseline,2026-03-06,00:06,00:06,51,26,3,07:10,07:15
S10,baseline,2026-03-07,00:03,00:03,51,48,4,07:43,07:45
S10,baseline,2026-03-08,23:35,23:50,67,66,3,06:53,07:01
S10,baseline,2026-03-09,00:09,00:09,39,59,3,07:37,07:39
S11,baseline,2026-03-03,23:39,23:49,75,30,2회,07:36,07:41
S11,baseline,2026-03-04,22:37,22:42,47,48,4,07:12,07:24
S11,baseline,2026-03-05,23:43,23:43,67,19,0,07:38,07:40
S11,baseline,2026-03-06,23:24,23:29,81,38,5,07:57,08:02
S11,baseline,2026-03-07,23:00,23:05,60,62,4,06:43,06:45
S11,baseline,2026-03-08,23:21,23:21,81,34,4,07:35,07:40
S11,baseline,2026-03-09,23:21,23:31,68,67,3,06:59,07:07
S12,baseline,2026-03-03,00:04,00:19,62,42,1,08:29,08:31
S12,baseline,2026-03-04,23:48,23:48,70,21,4,06:57,07:02
S12,baseline,2026-03-05,00:46,00:51,62,29,3,09:07,09:19
S12,baseline,2026-03-06,00:11,00:26,55,2,4,07:55,08:03
S12,baseline,2026-03-07,00:16,00:26,45,6,3,08:28,08:40
S12,baseline,2026-03-08,00:03,00:03,68,61,2,07:44,07:52
S12,baseline,2026-03-09,00:28,00:43,82,10,2,07:41,07:49
S01,followup,2026-04-28,21:36,21:41,39,63,3,05:00,05:08
S01,followup,2026-04-29,22:12,22:17,53,74,3,06:12,06:17
S01,followup,2026-04-30,22:24,22:24,60,44,2,05:53,05:58
S01,followup,2026-05-01,22:32,22:42,56,23,4,07:15,07:23
S01,followup,2026-05-03,22:35,22:35,72,106,2,06:32,06:40
S02,followup,2026-04-28,21:55,21:55,3,0,2,05:53,06:01
S02,followup,2026-04-29,22:40,22:40,3,33,3,05:57,06:05
S02,followup,2026-04-30,22:03,22:08,9,8,1,05:39,05:51
S02,followup,2026-05-01,21:46,22:01,3,5,0,04:58,05:06
S02,followup,2026-05-02,22:13,22:23,3,22,1,05:35,05:47
S02,followup,2026-05-03,21:43,21:43,3,1,1,04:09,04:17
S02,followup,2026-05-04,21:36,21:36,3,25,2,05:49,06:01
S03,followup,2026-04-28,23:38,23:43,38,52,3,07:40,07:42
S03,followup,2026-04-29,23:51,23:51,39,43,1,07:11,07:31
S03,followup,2026-04-30,23:01,23:01,33,13,2,07:20,07:22
S03,followup,2026-05-01,23:29,23:29,27,24,1,07:44,07:56
S03,followup,2026-05-02,23:00,23:10,34,0,3,06:29,06:41
S03,followup,2026-05-03,23:39,23:54,26,16,1,08:25,08:27
S03,followup,2026-05-04,23:33,23:33,49,43,1,06:51,06:56
S04,followup,2026-04-28,22:48,22:53,18,24,2,06:23,06:31
S04,followup,2026-04-29,23:19,23:24,41,24,0,06:43,06:51
S04,followup,2026-04-30,22:25,22:25,47,12,3,05:45,05:53
S04,followup,2026-05-01,22:46,23:01,62,2,3,06:09,06:14
S04,followup,2026-05-02,22:30,22:40,41,11,3,05:22,05:34
S04,followup,2026-05-03,22:53,22:53,57,0,0,06:30,06:50
S04,followup,2026-05-04,22:59,23:04,55,0,2,06:13,06:21
S05,followup,2026-04-28,22:13,22:13,20,51,2,05:52,05:57
S05,followup,2026-04-29,22:40,22:40,41,35,0,06:02,06:10
S05,followup,2026-04-30,23:14,23:29,39,34,2,07:16,07:18
S05,followup,2026-05-01,22:29,22:29,27,48,2,06:28,06:36
S05,followup,2026-05-02,22:53,22:53,7,22,1,06:45,06:53
S05,followup,2026-05-03,23:07,23:17,37,29,1,07:15,07:17
S05,followup,2026-05-04,22:22,22:37,43,22,3,05:59,06:07
S06,followup,2026-04-28,23:52,23:57,75,40,3,08:06,08:26
S06,followup,2026-04-29,23:42,23:42,98,7,2,07:15,07:23
S06,followup,2026-04-30,00:12,00:22,67,18,2,08:32,08:44
S06,followup,2026-05-01,00:42,00:47,82,24,2,08:28,08:36
S06,followup,2026-05-02,23:59,00:09,81,19,3,07:21,07:26
S06,followup,2026-05-03,00:54,01:04,79,29,2,08:57,09:05
S06,followup,2026-05-04,23:31,23:41,85,36,2,07:53,08:13
S07,followup,2026-04-28,21:50,21:55,30,29,1,04:41,04:46
S07,followup,2026-04-29,21:38,21:43,28,24,1,04:23,04:25
S07,followup,2026-04-30,21:44,21:54,55,50,4,05:01,05:21
S07,followup,2026-05-01,21:41,21:56,38,40,2,05:50,05:58
S07,followup,2026-05-02,21:57,22:02,84,58,4,04:59,05:11
S07,followup,2026-05-03,22:24,22:39,60,52,1,06:07,06:15
S07,followup,2026-05-04,23:10,23:15,55,43,2,06:02,06:10
S08,followup,2026-04-28,22:08,22:13,17,66,3,05:46,05:48
S08,followup,2026-04-29,22:11,22:21,3,39,3,06:50,06:58
S08,followup,2026-04-30,21:46,22:01,39,85,2,06:32,06:34
S08,followup,2026-05-01,22:09,22:14,5,72,2,06:35,06:55
S08,followup,2026-05-02,21:59,22:09,35,109,1,05:49,06:01
S08,followup,2026-05-03,21:11,21:16,42,86,3,05:47,05:52
S08,followup,2026-05-04,21:24,21:34,20,50,2,04:45,04:53
S09,followup,2026-04-28,23:31,23:36,3,16,0,07:01,07:06
S09,followup,2026-04-29,22:54,22:59,8,20,3,07:10,07:22
S09,followup,2026-04-30,23:15,23:15,30,21,0,06:07,06:27
S09,followup,2026-05-01,23:23,23:38,21,13,2,06:20,06:28
S09,followup,2026-05-02,23:15,23:30,3,66,4,07:13,07:18
S09,followup,2026-05-03,22:50,23:00,15,33,1,07:06,07:26
S09,followup,2026-05-04,22:36,22:36,3,6,2,05:38,05:50
S10,followup,2026-04-28,00:08,00:08,3,72,2,06:33,06:53
S10,followup,2026-04-29,00:13,00:23,15,36,0,07:18,07:26
S10,followup,2026-04-30,23:06,23:16,35,20,2,05:52,05:57
S10,followup,2026-05-01,23:35,23:40,3,20,0,06:44,06:46
S10,followup,2026-05-02,23:34,23:39,11,20,6,06:31,06:33
S10,followup,2026-05-03,00:01,00:16,8,22,3,07:20,07:40
S10,followup,2026-05-04,23:25,23:25,3,54,3,05:26,05:28
S11,followup,2026-04-28,22:36,22:51,36,23,0,07:33,07:38
S11,followup,2026-04-29,23:38,23:38,49,72,4,07:51,07:53
S11,followup,2026-04-30,22:47,22:57,67,46,2,06:46,06:48
S11,followup,2026-05-01,23:13,23:23,29,22,2,07:30,07:42
S11,followup,2026-05-02,23:05,23:20,21,33,1,07:04,07:12
S11,followup,2026-05-03,22:40,22:40,49,39,3,05:58,06:06
S11,followup,2026-05-04,23:15,23:15,62,28,1,06:47,07:07
S12,followup,2026-04-28,00:16,00:26,45,26,2,07:28,07:40
S12,followup,2026-04-29,23:20,23:25,56,17,3,07:17,07:19
S12,followup,2026-04-30,00:24,00:39,16,8,2,08:32,08:44
S12,followup,2026-05-01,23:48,23:58,36,14,2,07:43,08:03
S12,followup,2026-05-02,23:35,23:40,44,19,1,07:43,07:55
S12,followup,2026-05-03,23:26,23:31,34,42,3,06:45,06:53
S12,followup,2026-05-04,23:59,00:14,43,28,1,08:11,08:13
